threshold,accuracy
-0.5,0.32999999999999996
-0.499,0.32999999999999996
-0.498,0.32999999999999996
-0.497,0.32999999999999996
-0.496,0.32999999999999996
-0.495,0.32999999999999996
-0.494,0.32999999999999996
-0.493,0.32999999999999996
-0.492,0.32999999999999996
-0.491,0.32999999999999996
-0.49,0.32999999999999996
-0.489,0.32999999999999996
-0.488,0.32999999999999996
-0.487,0.32999999999999996
-0.486,0.32999999999999996
-0.485,0.32999999999999996
-0.484,0.32999999999999996
-0.483,0.32999999999999996
-0.482,0.32999999999999996
-0.481,0.32999999999999996
-0.48,0.32999999999999996
-0.479,0.32999999999999996
-0.478,0.32999999999999996
-0.477,0.32999999999999996
-0.476,0.32999999999999996
-0.475,0.32999999999999996
-0.474,0.32999999999999996
-0.473,0.32999999999999996
-0.472,0.32999999999999996
-0.471,0.32999999999999996
-0.47,0.32999999999999996
-0.469,0.32999999999999996
-0.46799999999999997,0.32999999999999996
-0.46699999999999997,0.32999999999999996
-0.46599999999999997,0.32999999999999996
-0.46499999999999997,0.32999999999999996
-0.46399999999999997,0.32999999999999996
-0.46299999999999997,0.32999999999999996
-0.46199999999999997,0.32999999999999996
-0.46099999999999997,0.32999999999999996
-0.45999999999999996,0.32999999999999996
-0.45899999999999996,0.32999999999999996
-0.45799999999999996,0.32999999999999996
-0.45699999999999996,0.32999999999999996
-0.45599999999999996,0.32999999999999996
-0.45499999999999996,0.32999999999999996
-0.45399999999999996,0.32999999999999996
-0.45299999999999996,0.32999999999999996
-0.45199999999999996,0.32999999999999996
-0.45099999999999996,0.32999999999999996
-0.44999999999999996,0.32999999999999996
-0.44899999999999995,0.32999999999999996
-0.44799999999999995,0.32999999999999996
-0.44699999999999995,0.32999999999999996
-0.44599999999999995,0.32999999999999996
-0.44499999999999995,0.32999999999999996
-0.44399999999999995,0.32999999999999996
-0.44299999999999995,0.32999999999999996
-0.44199999999999995,0.32999999999999996
-0.44099999999999995,0.32999999999999996
-0.43999999999999995,0.32999999999999996
-0.43899999999999995,0.32999999999999996
-0.43799999999999994,0.32999999999999996
-0.43699999999999994,0.32999999999999996
-0.43599999999999994,0.32999999999999996
-0.43499999999999994,0.32999999999999996
-0.43399999999999994,0.32999999999999996
-0.43299999999999994,0.32999999999999996
-0.43199999999999994,0.32999999999999996
-0.43099999999999994,0.32999999999999996
-0.42999999999999994,0.32999999999999996
-0.42899999999999994,0.32999999999999996
-0.42799999999999994,0.32999999999999996
-0.42699999999999994,0.32999999999999996
-0.42599999999999993,0.32999999999999996
-0.42499999999999993,0.32999999999999996
-0.42399999999999993,0.32999999999999996
-0.42299999999999993,0.32999999999999996
-0.42199999999999993,0.32999999999999996
-0.42099999999999993,0.32999999999999996
-0.41999999999999993,0.32999999999999996
-0.41899999999999993,0.32999999999999996
-0.4179999999999999,0.32999999999999996
-0.4169999999999999,0.32999999999999996
-0.4159999999999999,0.32999999999999996
-0.4149999999999999,0.32999999999999996
-0.4139999999999999,0.32999999999999996
-0.4129999999999999,0.32999999999999996
-0.4119999999999999,0.32999999999999996
-0.4109999999999999,0.32999999999999996
-0.4099999999999999,0.32999999999999996
-0.4089999999999999,0.32999999999999996
-0.4079999999999999,0.32999999999999996
-0.4069999999999999,0.32999999999999996
-0.4059999999999999,0.32999999999999996
-0.4049999999999999,0.32999999999999996
-0.4039999999999999,0.32999999999999996
-0.4029999999999999,0.32999999999999996
-0.4019999999999999,0.32999999999999996
-0.4009999999999999,0.32999999999999996
-0.3999999999999999,0.32999999999999996
-0.3989999999999999,0.32999999999999996
-0.3979999999999999,0.32999999999999996
-0.3969999999999999,0.32999999999999996
-0.3959999999999999,0.32999999999999996
-0.3949999999999999,0.32999999999999996
-0.3939999999999999,0.32999999999999996
-0.3929999999999999,0.32999999999999996
-0.3919999999999999,0.32999999999999996
-0.3909999999999999,0.32999999999999996
-0.3899999999999999,0.32999999999999996
-0.3889999999999999,0.32999999999999996
-0.3879999999999999,0.32999999999999996
-0.3869999999999999,0.32999999999999996
-0.3859999999999999,0.32999999999999996
-0.3849999999999999,0.32999999999999996
-0.3839999999999999,0.32999999999999996
-0.3829999999999999,0.32999999999999996
-0.3819999999999999,0.32999999999999996
-0.3809999999999999,0.32999999999999996
-0.3799999999999999,0.32999999999999996
-0.3789999999999999,0.32999999999999996
-0.3779999999999999,0.32999999999999996
-0.3769999999999999,0.32999999999999996
-0.3759999999999999,0.32999999999999996
-0.3749999999999999,0.32999999999999996
-0.3739999999999999,0.32999999999999996
-0.3729999999999999,0.32999999999999996
-0.3719999999999999,0.32999999999999996
-0.3709999999999999,0.32999999999999996
-0.3699999999999999,0.32999999999999996
-0.3689999999999999,0.32999999999999996
-0.3679999999999999,0.32999999999999996
-0.3669999999999999,0.32999999999999996
-0.3659999999999999,0.32999999999999996
-0.3649999999999999,0.32999999999999996
-0.3639999999999999,0.32999999999999996
-0.3629999999999999,0.32999999999999996
-0.3619999999999999,0.32999999999999996
-0.3609999999999999,0.32999999999999996
-0.3599999999999999,0.32999999999999996
-0.3589999999999999,0.32999999999999996
-0.3579999999999999,0.32999999999999996
-0.3569999999999999,0.32999999999999996
-0.35599999999999987,0.32999999999999996
-0.35499999999999987,0.32999999999999996
-0.35399999999999987,0.32999999999999996
-0.35299999999999987,0.32999999999999996
-0.35199999999999987,0.32999999999999996
-0.35099999999999987,0.32999999999999996
-0.34999999999999987,0.32999999999999996
-0.34899999999999987,0.32999999999999996
-0.34799999999999986,0.32999999999999996
-0.34699999999999986,0.32999999999999996
-0.34599999999999986,0.32999999999999996
-0.34499999999999986,0.32999999999999996
-0.34399999999999986,0.32999999999999996
-0.34299999999999986,0.32999999999999996
-0.34199999999999986,0.32999999999999996
-0.34099999999999986,0.32999999999999996
-0.33999999999999986,0.32999999999999996
-0.33899999999999986,0.32999999999999996
-0.33799999999999986,0.32999999999999996
-0.33699999999999986,0.32999999999999996
-0.33599999999999985,0.32999999999999996
-0.33499999999999985,0.32999999999999996
-0.33399999999999985,0.32999999999999996
-0.33299999999999985,0.32999999999999996
-0.33199999999999985,0.32999999999999996
-0.33099999999999985,0.32999999999999996
-0.32999999999999985,0.32999999999999996
-0.32899999999999985,0.32999999999999996
-0.32799999999999985,0.32999999999999996
-0.32699999999999985,0.32999999999999996
-0.32599999999999985,0.32999999999999996
-0.32499999999999984,0.32999999999999996
-0.32399999999999984,0.32999999999999996
-0.32299999999999984,0.32999999999999996
-0.32199999999999984,0.32999999999999996
-0.32099999999999984,0.32999999999999996
-0.31999999999999984,0.32999999999999996
-0.31899999999999984,0.32999999999999996
-0.31799999999999984,0.32999999999999996
-0.31699999999999984,0.32999999999999996
-0.31599999999999984,0.32999999999999996
-0.31499999999999984,0.32999999999999996
-0.31399999999999983,0.32999999999999996
-0.31299999999999983,0.32999999999999996
-0.31199999999999983,0.32999999999999996
-0.31099999999999983,0.32999999999999996
-0.30999999999999983,0.32999999999999996
-0.30899999999999983,0.32999999999999996
-0.30799999999999983,0.32999999999999996
-0.30699999999999983,0.32999999999999996
-0.3059999999999998,0.32999999999999996
-0.3049999999999998,0.32999999999999996
-0.3039999999999998,0.32999999999999996
-0.3029999999999998,0.32999999999999996
-0.3019999999999998,0.32999999999999996
-0.3009999999999998,0.32999999999999996
-0.2999999999999998,0.32999999999999996
-0.2989999999999998,0.32999999999999996
-0.2979999999999998,0.32999999999999996
-0.2969999999999998,0.32999999999999996
-0.2959999999999998,0.32999999999999996
-0.2949999999999998,0.32999999999999996
-0.2939999999999998,0.32999999999999996
-0.2929999999999998,0.32999999999999996
-0.2919999999999998,0.32999999999999996
-0.2909999999999998,0.32999999999999996
-0.2899999999999998,0.32999999999999996
-0.2889999999999998,0.32999999999999996
-0.2879999999999998,0.32999999999999996
-0.2869999999999998,0.32999999999999996
-0.2859999999999998,0.32999999999999996
-0.2849999999999998,0.32999999999999996
-0.2839999999999998,0.32999999999999996
-0.2829999999999998,0.32999999999999996
-0.2819999999999998,0.32999999999999996
-0.2809999999999998,0.32999999999999996
-0.2799999999999998,0.32999999999999996
-0.2789999999999998,0.32999999999999996
-0.2779999999999998,0.32999999999999996
-0.2769999999999998,0.32999999999999996
-0.2759999999999998,0.32999999999999996
-0.2749999999999998,0.32999999999999996
-0.2739999999999998,0.32999999999999996
-0.2729999999999998,0.32999999999999996
-0.2719999999999998,0.32999999999999996
-0.2709999999999998,0.32999999999999996
-0.2699999999999998,0.32999999999999996
-0.2689999999999998,0.32999999999999996
-0.2679999999999998,0.32999999999999996
-0.2669999999999998,0.32999999999999996
-0.2659999999999998,0.32999999999999996
-0.2649999999999998,0.32999999999999996
-0.2639999999999998,0.32999999999999996
-0.2629999999999998,0.32999999999999996
-0.2619999999999998,0.32999999999999996
-0.2609999999999998,0.32999999999999996
-0.2599999999999998,0.32999999999999996
-0.2589999999999998,0.32999999999999996
-0.2579999999999998,0.32999999999999996
-0.2569999999999998,0.32999999999999996
-0.2559999999999998,0.32999999999999996
-0.2549999999999998,0.32999999999999996
-0.2539999999999998,0.32999999999999996
-0.2529999999999998,0.32999999999999996
-0.2519999999999998,0.32999999999999996
-0.2509999999999998,0.32999999999999996
-0.24999999999999978,0.32999999999999996
-0.24899999999999978,0.32999999999999996
-0.24799999999999978,0.32999999999999996
-0.24699999999999978,0.32999999999999996
-0.24599999999999977,0.32999999999999996
-0.24499999999999977,0.32999999999999996
-0.24399999999999977,0.32999999999999996
-0.24299999999999977,0.32999999999999996
-0.24199999999999977,0.32999999999999996
-0.24099999999999977,0.32999999999999996
-0.23999999999999977,0.32999999999999996
-0.23899999999999977,0.32999999999999996
-0.23799999999999977,0.32999999999999996
-0.23699999999999977,0.32999999999999996
-0.23599999999999977,0.32999999999999996
-0.23499999999999976,0.32999999999999996
-0.23399999999999976,0.32999999999999996
-0.23299999999999976,0.32999999999999996
-0.23199999999999976,0.32999999999999996
-0.23099999999999976,0.32999999999999996
-0.22999999999999976,0.32999999999999996
-0.22899999999999976,0.32999999999999996
-0.22799999999999976,0.32999999999999996
-0.22699999999999976,0.32999999999999996
-0.22599999999999976,0.32999999999999996
-0.22499999999999976,0.32999999999999996
-0.22399999999999975,0.32999999999999996
-0.22299999999999975,0.32999999999999996
-0.22199999999999975,0.32999999999999996
-0.22099999999999975,0.32999999999999996
-0.21999999999999975,0.32999999999999996
-0.21899999999999975,0.32999999999999996
-0.21799999999999975,0.32999999999999996
-0.21699999999999975,0.32999999999999996
-0.21599999999999975,0.32999999999999996
-0.21499999999999975,0.32999999999999996
-0.21399999999999975,0.32999999999999996
-0.21299999999999975,0.32999999999999996
-0.21199999999999974,0.32999999999999996
-0.21099999999999974,0.32999999999999996
-0.20999999999999974,0.32999999999999996
-0.20899999999999974,0.32999999999999996
-0.20799999999999974,0.32999999999999996
-0.20699999999999974,0.32999999999999996
-0.20599999999999974,0.32999999999999996
-0.20499999999999974,0.32999999999999996
-0.20399999999999974,0.32999999999999996
-0.20299999999999974,0.32999999999999996
-0.20199999999999974,0.32999999999999996
-0.20099999999999973,0.32999999999999996
-0.19999999999999973,0.32999999999999996
-0.19899999999999973,0.32999999999999996
-0.19799999999999973,0.32999999999999996
-0.19699999999999973,0.32999999999999996
-0.19599999999999973,0.32999999999999996
-0.19499999999999973,0.32999999999999996
-0.19399999999999973,0.32999999999999996
-0.19299999999999973,0.32999999999999996
-0.19199999999999973,0.32999999999999996
-0.19099999999999973,0.32999999999999996
-0.18999999999999972,0.32999999999999996
-0.18899999999999972,0.32999999999999996
-0.18799999999999972,0.32999999999999996
-0.18699999999999972,0.32999999999999996
-0.18599999999999972,0.32999999999999996
-0.18499999999999972,0.32999999999999996
-0.18399999999999972,0.32999999999999996
-0.18299999999999972,0.32999999999999996
-0.18199999999999972,0.32999999999999996
-0.18099999999999972,0.32999999999999996
-0.17999999999999972,0.32999999999999996
-0.17899999999999971,0.32999999999999996
-0.17799999999999971,0.32999999999999996
-0.1769999999999997,0.32999999999999996
-0.1759999999999997,0.32999999999999996
-0.1749999999999997,0.32999999999999996
-0.1739999999999997,0.32999999999999996
-0.1729999999999997,0.32999999999999996
-0.1719999999999997,0.32999999999999996
-0.1709999999999997,0.32999999999999996
-0.1699999999999997,0.32999999999999996
-0.1689999999999997,0.32999999999999996
-0.1679999999999997,0.32999999999999996
-0.1669999999999997,0.32999999999999996
-0.1659999999999997,0.32999999999999996
-0.1649999999999997,0.32999999999999996
-0.1639999999999997,0.32999999999999996
-0.1629999999999997,0.32999999999999996
-0.1619999999999997,0.32999999999999996
-0.1609999999999997,0.32999999999999996
-0.1599999999999997,0.32999999999999996
-0.1589999999999997,0.32999999999999996
-0.1579999999999997,0.32999999999999996
-0.1569999999999997,0.32999999999999996
-0.1559999999999997,0.32999999999999996
-0.1549999999999997,0.32999999999999996
-0.1539999999999997,0.32999999999999996
-0.1529999999999997,0.32999999999999996
-0.1519999999999997,0.32999999999999996
-0.1509999999999997,0.32999999999999996
-0.1499999999999997,0.32999999999999996
-0.1489999999999997,0.32999999999999996
-0.1479999999999997,0.32999999999999996
-0.1469999999999997,0.32999999999999996
-0.14599999999999969,0.32999999999999996
-0.14499999999999968,0.32999999999999996
-0.14399999999999968,0.32999999999999996
-0.14299999999999968,0.32999999999999996
-0.14199999999999968,0.32999999999999996
-0.14099999999999968,0.32999999999999996
-0.13999999999999968,0.32999999999999996
-0.13899999999999968,0.32999999999999996
-0.13799999999999968,0.32999999999999996
-0.13699999999999968,0.32999999999999996
-0.13599999999999968,0.32999999999999996
-0.13499999999999968,0.32999999999999996
-0.13399999999999967,0.32999999999999996
-0.13299999999999967,0.32999999999999996
-0.13199999999999967,0.32999999999999996
-0.13099999999999967,0.32999999999999996
-0.12999999999999967,0.32999999999999996
-0.12899999999999967,0.32999999999999996
-0.12799999999999967,0.32999999999999996
-0.12699999999999967,0.32999999999999996
-0.12599999999999967,0.32999999999999996
-0.12499999999999967,0.32999999999999996
-0.12399999999999967,0.32999999999999996
-0.12299999999999967,0.32999999999999996
-0.12199999999999966,0.32999999999999996
-0.12099999999999966,0.32999999999999996
-0.11999999999999966,0.32999999999999996
-0.11899999999999966,0.32999999999999996
-0.11799999999999966,0.32999999999999996
-0.11699999999999966,0.32999999999999996
-0.11599999999999966,0.32999999999999996
-0.11499999999999966,0.32999999999999996
-0.11399999999999966,0.32999999999999996
-0.11299999999999966,0.32999999999999996
-0.11199999999999966,0.32999999999999996
-0.11099999999999965,0.32999999999999996
-0.10999999999999965,0.32999999999999996
-0.10899999999999965,0.32999999999999996
-0.10799999999999965,0.32999999999999996
-0.10699999999999965,0.32999999999999996
-0.10599999999999965,0.32999999999999996
-0.10499999999999965,0.32999999999999996
-0.10399999999999965,0.32999999999999996
-0.10299999999999965,0.32999999999999996
-0.10199999999999965,0.32999999999999996
-0.10099999999999965,0.32999999999999996
-0.09999999999999964,0.32999999999999996
-0.09899999999999964,0.32999999999999996
-0.09799999999999964,0.32999999999999996
-0.09699999999999964,0.32999999999999996
-0.09599999999999964,0.32999999999999996
-0.09499999999999964,0.32999999999999996
-0.09399999999999964,0.32999999999999996
-0.09299999999999964,0.32999999999999996
-0.09199999999999964,0.32999999999999996
-0.09099999999999964,0.32999999999999996
-0.08999999999999964,0.32999999999999996
-0.08899999999999963,0.32999999999999996
-0.08799999999999963,0.32999999999999996
-0.08699999999999963,0.32999999999999996
-0.08599999999999963,0.32999999999999996
-0.08499999999999963,0.32999999999999996
-0.08399999999999963,0.32999999999999996
-0.08299999999999963,0.32999999999999996
-0.08199999999999963,0.32999999999999996
-0.08099999999999963,0.32999999999999996
-0.07999999999999963,0.32999999999999996
-0.07899999999999963,0.32999999999999996
-0.07799999999999963,0.32999999999999996
-0.07699999999999962,0.32999999999999996
-0.07599999999999962,0.32999999999999996
-0.07499999999999962,0.32999999999999996
-0.07399999999999962,0.32999999999999996
-0.07299999999999962,0.32999999999999996
-0.07199999999999962,0.32999999999999996
-0.07099999999999962,0.32999999999999996
-0.06999999999999962,0.32999999999999996
-0.06899999999999962,0.32999999999999996
-0.06799999999999962,0.32999999999999996
-0.06699999999999962,0.32999999999999996
-0.06599999999999961,0.32999999999999996
-0.06499999999999961,0.32999999999999996
-0.06399999999999961,0.32999999999999996
-0.06299999999999961,0.32999999999999996
-0.06199999999999961,0.32999999999999996
-0.06099999999999961,0.32999999999999996
-0.05999999999999961,0.32999999999999996
-0.05899999999999961,0.32999999999999996
-0.05799999999999961,0.32999999999999996
-0.05699999999999961,0.32999999999999996
-0.055999999999999606,0.32999999999999996
-0.054999999999999605,0.32999999999999996
-0.053999999999999604,0.32999999999999996
-0.0529999999999996,0.32999999999999996
-0.0519999999999996,0.32999999999999996
-0.0509999999999996,0.32999999999999996
-0.0499999999999996,0.32999999999999996
-0.0489999999999996,0.32999999999999996
-0.0479999999999996,0.32999999999999996
-0.0469999999999996,0.32999999999999996
-0.0459999999999996,0.32999999999999996
-0.044999999999999596,0.32999999999999996
-0.043999999999999595,0.32999999999999996
-0.042999999999999594,0.32999999999999996
-0.04199999999999959,0.32999999999999996
-0.04099999999999959,0.32999999999999996
-0.03999999999999959,0.32999999999999996
-0.03899999999999959,0.32999999999999996
-0.03799999999999959,0.32999999999999996
-0.03699999999999959,0.32999999999999996
-0.03599999999999959,0.32999999999999996
-0.03499999999999959,0.32999999999999996
-0.033999999999999586,0.32999999999999996
-0.032999999999999585,0.32999999999999996
-0.031999999999999584,0.32999999999999996
-0.030999999999999583,0.32999999999999996
-0.029999999999999583,0.32999999999999996
-0.02899999999999958,0.32999999999999996
-0.02799999999999958,0.32999999999999996
-0.02699999999999958,0.32999999999999996
-0.02599999999999958,0.32999999999999996
-0.024999999999999578,0.32999999999999996
-0.023999999999999577,0.32999999999999996
-0.022999999999999576,0.32999999999999996
-0.021999999999999575,0.32999999999999996
-0.020999999999999575,0.32999999999999996
-0.019999999999999574,0.32999999999999996
-0.018999999999999573,0.32999999999999996
-0.017999999999999572,0.32999999999999996
-0.01699999999999957,0.32999999999999996
-0.01599999999999957,0.32999999999999996
-0.01499999999999957,0.32999999999999996
-0.013999999999999568,0.32999999999999996
-0.012999999999999567,0.32999999999999996
-0.011999999999999567,0.32999999999999996
-0.010999999999999566,0.32999999999999996
-0.009999999999999565,0.32999999999999996
-0.008999999999999564,0.32999999999999996
-0.007999999999999563,0.32999999999999996
-0.006999999999999562,0.32999999999999996
-0.005999999999999561,0.32999999999999996
-0.00499999999999956,0.32999999999999996
-0.0039999999999995595,0.32999999999999996
-0.0029999999999995586,0.32999999999999996
-0.0019999999999995577,0.32999999999999996
-0.0009999999999995568,0.32999999999999996
4.440892098500626e-16,0.28500000000000003
0.001000000000000445,0.28500000000000003
0.002000000000000446,0.28500000000000003
0.0030000000000004468,0.28500000000000003
0.004000000000000448,0.28500000000000003
0.0050000000000004485,0.28500000000000003
0.006000000000000449,0.28500000000000003
0.00700000000000045,0.28500000000000003
0.008000000000000451,0.28500000000000003
0.009000000000000452,0.28500000000000003
0.010000000000000453,0.28500000000000003
0.011000000000000454,0.28500000000000003
0.012000000000000455,0.28500000000000003
0.013000000000000456,0.28500000000000003
0.014000000000000457,0.28500000000000003
0.015000000000000457,0.28500000000000003
0.01600000000000046,0.28500000000000003
0.01700000000000046,0.28500000000000003
0.01800000000000046,0.28500000000000003
0.01900000000000046,0.28500000000000003
0.020000000000000462,0.28500000000000003
0.021000000000000463,0.28500000000000003
0.022000000000000464,0.28500000000000003
0.023000000000000465,0.28500000000000003
0.024000000000000465,0.28500000000000003
0.025000000000000466,0.28500000000000003
0.026000000000000467,0.28500000000000003
0.027000000000000468,0.28500000000000003
0.02800000000000047,0.28500000000000003
0.02900000000000047,0.28500000000000003
0.03000000000000047,0.28500000000000003
0.03100000000000047,0.28500000000000003
0.03200000000000047,0.28500000000000003
0.03300000000000047,0.28500000000000003
0.034000000000000474,0.28500000000000003
0.035000000000000475,0.28500000000000003
0.036000000000000476,0.28500000000000003
0.03700000000000048,0.28500000000000003
0.03800000000000048,0.28500000000000003
0.03900000000000048,0.28500000000000003
0.04000000000000048,0.28500000000000003
0.04100000000000048,0.28500000000000003
0.04200000000000048,0.28500000000000003
0.04300000000000048,0.28500000000000003
0.04400000000000048,0.28500000000000003
0.045000000000000484,0.28500000000000003
0.046000000000000485,0.28500000000000003
0.047000000000000486,0.28500000000000003
0.04800000000000049,0.28500000000000003
0.04900000000000049,0.28500000000000003
0.05000000000000049,0.28500000000000003
0.05100000000000049,0.28500000000000003
0.05200000000000049,0.28500000000000003
0.05300000000000049,0.28500000000000003
0.05400000000000049,0.28500000000000003
0.05500000000000049,0.28500000000000003
0.056000000000000494,0.28500000000000003
0.057000000000000495,0.28500000000000003
0.058000000000000496,0.28500000000000003
0.059000000000000496,0.28500000000000003
0.0600000000000005,0.28500000000000003
0.0610000000000005,0.28500000000000003
0.0620000000000005,0.28500000000000003
0.0630000000000005,0.28500000000000003
0.0640000000000005,0.28500000000000003
0.0650000000000005,0.28500000000000003
0.0660000000000005,0.28500000000000003
0.0670000000000005,0.28500000000000003
0.0680000000000005,0.28500000000000003
0.0690000000000005,0.28500000000000003
0.0700000000000005,0.28500000000000003
0.07100000000000051,0.28500000000000003
0.07200000000000051,0.28500000000000003
0.07300000000000051,0.28500000000000003
0.07400000000000051,0.28500000000000003
0.07500000000000051,0.28500000000000003
0.07600000000000051,0.28500000000000003
0.07700000000000051,0.28500000000000003
0.07800000000000051,0.28500000000000003
0.07900000000000051,0.28500000000000003
0.08000000000000052,0.28500000000000003
0.08100000000000052,0.28500000000000003
0.08200000000000052,0.28500000000000003
0.08300000000000052,0.28500000000000003
0.08400000000000052,0.28500000000000003
0.08500000000000052,0.28500000000000003
0.08600000000000052,0.28500000000000003
0.08700000000000052,0.28500000000000003
0.08800000000000052,0.28500000000000003
0.08900000000000052,0.28500000000000003
0.09000000000000052,0.28500000000000003
0.09100000000000052,0.28500000000000003
0.09200000000000053,0.28500000000000003
0.09300000000000053,0.28500000000000003
0.09400000000000053,0.28500000000000003
0.09500000000000053,0.28500000000000003
0.09600000000000053,0.28500000000000003
0.09700000000000053,0.28500000000000003
0.09800000000000053,0.28500000000000003
0.09900000000000053,0.28500000000000003
0.10000000000000053,0.28500000000000003
0.10100000000000053,0.28500000000000003
0.10200000000000053,0.28500000000000003
0.10300000000000054,0.28500000000000003
0.10400000000000054,0.28500000000000003
0.10500000000000054,0.28500000000000003
0.10600000000000054,0.28500000000000003
0.10700000000000054,0.28500000000000003
0.10800000000000054,0.28500000000000003
0.10900000000000054,0.28500000000000003
0.11000000000000054,0.28500000000000003
0.11100000000000054,0.28500000000000003
0.11200000000000054,0.28500000000000003
0.11300000000000054,0.28500000000000003
0.11400000000000055,0.28500000000000003
0.11500000000000055,0.28500000000000003
0.11600000000000055,0.28500000000000003
0.11700000000000055,0.28500000000000003
0.11800000000000055,0.28500000000000003
0.11900000000000055,0.28500000000000003
0.12000000000000055,0.28500000000000003
0.12100000000000055,0.28500000000000003
0.12200000000000055,0.28500000000000003
0.12300000000000055,0.28500000000000003
0.12400000000000055,0.28500000000000003
0.12500000000000056,0.28500000000000003
0.12600000000000056,0.28500000000000003
0.12700000000000056,0.28500000000000003
0.12800000000000056,0.28500000000000003
0.12900000000000056,0.28500000000000003
0.13000000000000056,0.28500000000000003
0.13100000000000056,0.28500000000000003
0.13200000000000056,0.28500000000000003
0.13300000000000056,0.28500000000000003
0.13400000000000056,0.28500000000000003
0.13500000000000056,0.28500000000000003
0.13600000000000056,0.28500000000000003
0.13700000000000057,0.28500000000000003
0.13800000000000057,0.28500000000000003
0.13900000000000057,0.28500000000000003
0.14000000000000057,0.28500000000000003
0.14100000000000057,0.28500000000000003
0.14200000000000057,0.28500000000000003
0.14300000000000057,0.28500000000000003
0.14400000000000057,0.28500000000000003
0.14500000000000057,0.28500000000000003
0.14600000000000057,0.28500000000000003
0.14700000000000057,0.28500000000000003
0.14800000000000058,0.28500000000000003
0.14900000000000058,0.28500000000000003
0.15000000000000058,0.28500000000000003
0.15100000000000058,0.28500000000000003
0.15200000000000058,0.28500000000000003
0.15300000000000058,0.28500000000000003
0.15400000000000058,0.28500000000000003
0.15500000000000058,0.28500000000000003
0.15600000000000058,0.28500000000000003
0.15700000000000058,0.28500000000000003
0.15800000000000058,0.28500000000000003
0.15900000000000059,0.28500000000000003
0.1600000000000006,0.28500000000000003
0.1610000000000006,0.28500000000000003
0.1620000000000006,0.28500000000000003
0.1630000000000006,0.28500000000000003
0.1640000000000006,0.28500000000000003
0.1650000000000006,0.28500000000000003
0.1660000000000006,0.28500000000000003
0.1670000000000006,0.28500000000000003
0.1680000000000006,0.28500000000000003
0.1690000000000006,0.28500000000000003
0.1700000000000006,0.28500000000000003
0.1710000000000006,0.28500000000000003
0.1720000000000006,0.28500000000000003
0.1730000000000006,0.28500000000000003
0.1740000000000006,0.28500000000000003
0.1750000000000006,0.28500000000000003
0.1760000000000006,0.28500000000000003
0.1770000000000006,0.28500000000000003
0.1780000000000006,0.28500000000000003
0.1790000000000006,0.28500000000000003
0.1800000000000006,0.28500000000000003
0.1810000000000006,0.28500000000000003
0.1820000000000006,0.28500000000000003
0.1830000000000006,0.28500000000000003
0.1840000000000006,0.28500000000000003
0.1850000000000006,0.28500000000000003
0.1860000000000006,0.28500000000000003
0.1870000000000006,0.28500000000000003
0.1880000000000006,0.28500000000000003
0.1890000000000006,0.28500000000000003
0.1900000000000006,0.28500000000000003
0.1910000000000006,0.28500000000000003
0.19200000000000061,0.28500000000000003
0.19300000000000062,0.28500000000000003
0.19400000000000062,0.28500000000000003
0.19500000000000062,0.28500000000000003
0.19600000000000062,0.28500000000000003
0.19700000000000062,0.28500000000000003
0.19800000000000062,0.28500000000000003
0.19900000000000062,0.28500000000000003
0.20000000000000062,0.28500000000000003
0.20100000000000062,0.28500000000000003
0.20200000000000062,0.28500000000000003
0.20300000000000062,0.28500000000000003
0.20400000000000063,0.28500000000000003
0.20500000000000063,0.28500000000000003
0.20600000000000063,0.28500000000000003
0.20700000000000063,0.28500000000000003
0.20800000000000063,0.28500000000000003
0.20900000000000063,0.28500000000000003
0.21000000000000063,0.28500000000000003
0.21100000000000063,0.28500000000000003
0.21200000000000063,0.28500000000000003
0.21300000000000063,0.28500000000000003
0.21400000000000063,0.28500000000000003
0.21500000000000064,0.28500000000000003
0.21600000000000064,0.28500000000000003
0.21700000000000064,0.28500000000000003
0.21800000000000064,0.28500000000000003
0.21900000000000064,0.28500000000000003
0.22000000000000064,0.28500000000000003
0.22100000000000064,0.28500000000000003
0.22200000000000064,0.28500000000000003
0.22300000000000064,0.28500000000000003
0.22400000000000064,0.28500000000000003
0.22500000000000064,0.28500000000000003
0.22600000000000064,0.28500000000000003
0.22700000000000065,0.28500000000000003
0.22800000000000065,0.28500000000000003
0.22900000000000065,0.28500000000000003
0.23000000000000065,0.28500000000000003
0.23100000000000065,0.28500000000000003
0.23200000000000065,0.28500000000000003
0.23300000000000065,0.28500000000000003
0.23400000000000065,0.28500000000000003
0.23500000000000065,0.28500000000000003
0.23600000000000065,0.28500000000000003
0.23700000000000065,0.28500000000000003
0.23800000000000066,0.28500000000000003
0.23900000000000066,0.28500000000000003
0.24000000000000066,0.28500000000000003
0.24100000000000066,0.28500000000000003
0.24200000000000066,0.28500000000000003
0.24300000000000066,0.28500000000000003
0.24400000000000066,0.28500000000000003
0.24500000000000066,0.28500000000000003
0.24600000000000066,0.28500000000000003
0.24700000000000066,0.28500000000000003
0.24800000000000066,0.28500000000000003
0.24900000000000067,0.28500000000000003
0.25000000000000067,0.28500000000000003
0.25100000000000067,0.28500000000000003
0.25200000000000067,0.28500000000000003
0.25300000000000067,0.28500000000000003
0.25400000000000067,0.28500000000000003
0.25500000000000067,0.28500000000000003
0.25600000000000067,0.28500000000000003
0.2570000000000007,0.28500000000000003
0.2580000000000007,0.28500000000000003
0.2590000000000007,0.28500000000000003
0.2600000000000007,0.28500000000000003
0.2610000000000007,0.28500000000000003
0.2620000000000007,0.28500000000000003
0.2630000000000007,0.28500000000000003
0.2640000000000007,0.28500000000000003
0.2650000000000007,0.28500000000000003
0.2660000000000007,0.28500000000000003
0.2670000000000007,0.28500000000000003
0.2680000000000007,0.28500000000000003
0.2690000000000007,0.28500000000000003
0.2700000000000007,0.28500000000000003
0.2710000000000007,0.28500000000000003
0.2720000000000007,0.28500000000000003
0.2730000000000007,0.28500000000000003
0.2740000000000007,0.28500000000000003
0.2750000000000007,0.28500000000000003
0.2760000000000007,0.28500000000000003
0.2770000000000007,0.28500000000000003
0.2780000000000007,0.28500000000000003
0.2790000000000007,0.28500000000000003
0.2800000000000007,0.28500000000000003
0.2810000000000007,0.28500000000000003
0.2820000000000007,0.28500000000000003
0.2830000000000007,0.28500000000000003
0.2840000000000007,0.28500000000000003
0.2850000000000007,0.28500000000000003
0.2860000000000007,0.28500000000000003
0.2870000000000007,0.28500000000000003
0.2880000000000007,0.28500000000000003
0.2890000000000007,0.28500000000000003
0.2900000000000007,0.28500000000000003
0.2910000000000007,0.28500000000000003
0.2920000000000007,0.28500000000000003
0.2930000000000007,0.28500000000000003
0.2940000000000007,0.28500000000000003
0.2950000000000007,0.28500000000000003
0.2960000000000007,0.28500000000000003
0.2970000000000007,0.28500000000000003
0.2980000000000007,0.28500000000000003
0.2990000000000007,0.28500000000000003
0.3000000000000007,0.28500000000000003
0.3010000000000007,0.28500000000000003
0.3020000000000007,0.28500000000000003
0.3030000000000007,0.28500000000000003
0.3040000000000007,0.28500000000000003
0.3050000000000007,0.28500000000000003
0.3060000000000007,0.28500000000000003
0.3070000000000007,0.28500000000000003
0.3080000000000007,0.28500000000000003
0.3090000000000007,0.28500000000000003
0.3100000000000007,0.28500000000000003
0.3110000000000007,0.28500000000000003
0.3120000000000007,0.28500000000000003
0.3130000000000007,0.28500000000000003
0.3140000000000007,0.28500000000000003
0.3150000000000007,0.28500000000000003
0.3160000000000007,0.28500000000000003
0.3170000000000007,0.28500000000000003
0.3180000000000007,0.28500000000000003
0.3190000000000007,0.28500000000000003
0.32000000000000073,0.28500000000000003
0.32100000000000073,0.28500000000000003
0.32200000000000073,0.28500000000000003
0.32300000000000073,0.28500000000000003
0.32400000000000073,0.28500000000000003
0.32500000000000073,0.28500000000000003
0.32600000000000073,0.28500000000000003
0.32700000000000073,0.28500000000000003
0.32800000000000074,0.28500000000000003
0.32900000000000074,0.28500000000000003
0.33000000000000074,0.28500000000000003
0.33100000000000074,0.28500000000000003
0.33200000000000074,0.28500000000000003
0.33300000000000074,0.28500000000000003
0.33400000000000074,0.28500000000000003
0.33500000000000074,0.28500000000000003
0.33600000000000074,0.28500000000000003
0.33700000000000074,0.28500000000000003
0.33800000000000074,0.28500000000000003
0.33900000000000075,0.28500000000000003
0.34000000000000075,0.28500000000000003
0.34100000000000075,0.28500000000000003
0.34200000000000075,0.28500000000000003
0.34300000000000075,0.28500000000000003
0.34400000000000075,0.28500000000000003
0.34500000000000075,0.28500000000000003
0.34600000000000075,0.28500000000000003
0.34700000000000075,0.28500000000000003
0.34800000000000075,0.28500000000000003
0.34900000000000075,0.28500000000000003
0.35000000000000075,0.28500000000000003
0.35100000000000076,0.28500000000000003
0.35200000000000076,0.28500000000000003
0.35300000000000076,0.28500000000000003
0.35400000000000076,0.28500000000000003
0.35500000000000076,0.28500000000000003
0.35600000000000076,0.28500000000000003
0.35700000000000076,0.28500000000000003
0.35800000000000076,0.28500000000000003
0.35900000000000076,0.28500000000000003
0.36000000000000076,0.28500000000000003
0.36100000000000076,0.28500000000000003
0.36200000000000077,0.28500000000000003
0.36300000000000077,0.28500000000000003
0.36400000000000077,0.28500000000000003
0.36500000000000077,0.28500000000000003
0.36600000000000077,0.28500000000000003
0.36700000000000077,0.28500000000000003
0.36800000000000077,0.28500000000000003
0.36900000000000077,0.28500000000000003
0.3700000000000008,0.28500000000000003
0.3710000000000008,0.28500000000000003
0.3720000000000008,0.28500000000000003
0.3730000000000008,0.28500000000000003
0.3740000000000008,0.28500000000000003
0.3750000000000008,0.28500000000000003
0.3760000000000008,0.28500000000000003
0.3770000000000008,0.28500000000000003
0.3780000000000008,0.28500000000000003
0.3790000000000008,0.28500000000000003
0.3800000000000008,0.28500000000000003
0.3810000000000008,0.28500000000000003
0.3820000000000008,0.28500000000000003
0.3830000000000008,0.28500000000000003
0.3840000000000008,0.28500000000000003
0.3850000000000008,0.28500000000000003
0.3860000000000008,0.28500000000000003
0.3870000000000008,0.28500000000000003
0.3880000000000008,0.28500000000000003
0.3890000000000008,0.28500000000000003
0.3900000000000008,0.28500000000000003
0.3910000000000008,0.28500000000000003
0.3920000000000008,0.28500000000000003
0.3930000000000008,0.28500000000000003
0.3940000000000008,0.28500000000000003
0.3950000000000008,0.28500000000000003
0.3960000000000008,0.28500000000000003
0.3970000000000008,0.28500000000000003
0.3980000000000008,0.28500000000000003
0.3990000000000008,0.28500000000000003
0.4000000000000008,0.28500000000000003
0.4010000000000008,0.28500000000000003
0.4020000000000008,0.28500000000000003
0.4030000000000008,0.28500000000000003
0.4040000000000008,0.28500000000000003
0.4050000000000008,0.28500000000000003
0.4060000000000008,0.28500000000000003
0.4070000000000008,0.28500000000000003
0.4080000000000008,0.28500000000000003
0.4090000000000008,0.28500000000000003
0.4100000000000008,0.28500000000000003
0.4110000000000008,0.28500000000000003
0.4120000000000008,0.28500000000000003
0.4130000000000008,0.28500000000000003
0.4140000000000008,0.28500000000000003
0.4150000000000008,0.28500000000000003
0.4160000000000008,0.28500000000000003
0.4170000000000008,0.28500000000000003
0.4180000000000008,0.28500000000000003
0.4190000000000008,0.28500000000000003
0.4200000000000008,0.28500000000000003
0.4210000000000008,0.28500000000000003
0.4220000000000008,0.28500000000000003
0.4230000000000008,0.28500000000000003
0.4240000000000008,0.28500000000000003
0.4250000000000008,0.28500000000000003
0.4260000000000008,0.28500000000000003
0.4270000000000008,0.28500000000000003
0.4280000000000008,0.28500000000000003
0.4290000000000008,0.28500000000000003
0.4300000000000008,0.28500000000000003
0.4310000000000008,0.28500000000000003
0.43200000000000083,0.28500000000000003
0.43300000000000083,0.28500000000000003
0.43400000000000083,0.28500000000000003
0.43500000000000083,0.28500000000000003
0.43600000000000083,0.28500000000000003
0.43700000000000083,0.28500000000000003
0.43800000000000083,0.28500000000000003
0.43900000000000083,0.28500000000000003
0.44000000000000083,0.28500000000000003
0.44100000000000084,0.28500000000000003
0.44200000000000084,0.28500000000000003
0.44300000000000084,0.28500000000000003
0.44400000000000084,0.28500000000000003
0.44500000000000084,0.28500000000000003
0.44600000000000084,0.28500000000000003
0.44700000000000084,0.28500000000000003
0.44800000000000084,0.28500000000000003
0.44900000000000084,0.28500000000000003
0.45000000000000084,0.28500000000000003
0.45100000000000084,0.28500000000000003
0.45200000000000085,0.28500000000000003
0.45300000000000085,0.28500000000000003
0.45400000000000085,0.28500000000000003
0.45500000000000085,0.28500000000000003
0.45600000000000085,0.28500000000000003
0.45700000000000085,0.28500000000000003
0.45800000000000085,0.28500000000000003
0.45900000000000085,0.28500000000000003
0.46000000000000085,0.28500000000000003
0.46100000000000085,0.28500000000000003
0.46200000000000085,0.28500000000000003
0.46300000000000086,0.28500000000000003
0.46400000000000086,0.28500000000000003
0.46500000000000086,0.28500000000000003
0.46600000000000086,0.28500000000000003
0.46700000000000086,0.28500000000000003
0.46800000000000086,0.28500000000000003
0.46900000000000086,0.28500000000000003
0.47000000000000086,0.28500000000000003
0.47100000000000086,0.28500000000000003
0.47200000000000086,0.28500000000000003
0.47300000000000086,0.28500000000000003
0.47400000000000087,0.28500000000000003
0.47500000000000087,0.28500000000000003
0.47600000000000087,0.28500000000000003
0.47700000000000087,0.28500000000000003
0.47800000000000087,0.28500000000000003
0.47900000000000087,0.28500000000000003
0.48000000000000087,0.28500000000000003
0.48100000000000087,0.28500000000000003
0.48200000000000087,0.28500000000000003
0.4830000000000009,0.28500000000000003
0.4840000000000009,0.28500000000000003
0.4850000000000009,0.28500000000000003
0.4860000000000009,0.28500000000000003
0.4870000000000009,0.28500000000000003
0.4880000000000009,0.28500000000000003
0.4890000000000009,0.28500000000000003
0.4900000000000009,0.28500000000000003
0.4910000000000009,0.28500000000000003
0.4920000000000009,0.28500000000000003
0.4930000000000009,0.28500000000000003
0.4940000000000009,0.28500000000000003
0.4950000000000009,0.28500000000000003
0.4960000000000009,0.28500000000000003
0.4970000000000009,0.28500000000000003
0.4980000000000009,0.28500000000000003
0.4990000000000009,0.28500000000000003
0.5000000000000009,0.28500000000000003
0.5010000000000008,0.28500000000000003
0.5020000000000009,0.28500000000000003
0.503000000000001,0.28500000000000003
0.5040000000000009,0.28500000000000003
0.5050000000000008,0.28500000000000003
0.5060000000000009,0.28500000000000003
0.507000000000001,0.28500000000000003
0.5080000000000009,0.28500000000000003
0.5090000000000008,0.28500000000000003
0.5100000000000009,0.28500000000000003
0.511000000000001,0.28500000000000003
0.5120000000000009,0.28500000000000003
0.5130000000000008,0.28500000000000003
0.5140000000000009,0.28500000000000003
0.515000000000001,0.28500000000000003
0.5160000000000009,0.28500000000000003
0.5170000000000008,0.28500000000000003
0.5180000000000009,0.28500000000000003
0.519000000000001,0.28500000000000003
0.5200000000000009,0.28500000000000003
0.5210000000000008,0.28500000000000003
0.5220000000000009,0.28500000000000003
0.523000000000001,0.28500000000000003
0.5240000000000009,0.28500000000000003
0.5250000000000008,0.28500000000000003
0.5260000000000009,0.28500000000000003
0.527000000000001,0.28500000000000003
0.5280000000000009,0.28500000000000003
0.5290000000000008,0.28500000000000003
0.5300000000000009,0.28500000000000003
0.531000000000001,0.28500000000000003
0.5320000000000009,0.28500000000000003
0.5330000000000008,0.28500000000000003
0.5340000000000009,0.28500000000000003
0.535000000000001,0.28500000000000003
0.5360000000000009,0.28500000000000003
0.5370000000000008,0.28500000000000003
0.5380000000000009,0.28500000000000003
0.539000000000001,0.28500000000000003
0.5400000000000009,0.28500000000000003
0.5410000000000008,0.28500000000000003
0.5420000000000009,0.28500000000000003
0.543000000000001,0.28500000000000003
0.5440000000000009,0.28500000000000003
0.5450000000000008,0.28500000000000003
0.5460000000000009,0.28500000000000003
0.547000000000001,0.28500000000000003
0.5480000000000009,0.28500000000000003
0.5490000000000008,0.28500000000000003
0.5500000000000009,0.28500000000000003
0.551000000000001,0.28500000000000003
0.5520000000000009,0.28500000000000003
0.5530000000000008,0.28500000000000003
0.5540000000000009,0.28500000000000003
0.555000000000001,0.28500000000000003
0.5560000000000009,0.28500000000000003
0.5570000000000008,0.28500000000000003
0.5580000000000009,0.28500000000000003
0.559000000000001,0.28500000000000003
0.5600000000000009,0.28500000000000003
0.5610000000000008,0.28500000000000003
0.5620000000000009,0.28500000000000003
0.563000000000001,0.28500000000000003
0.564000000000001,0.28500000000000003
0.5650000000000008,0.28500000000000003
0.566000000000001,0.28500000000000003
0.5670000000000011,0.28500000000000003
0.568000000000001,0.28500000000000003
0.5690000000000008,0.28500000000000003
0.570000000000001,0.28500000000000003
0.5710000000000011,0.28500000000000003
0.572000000000001,0.28500000000000003
0.5730000000000008,0.28500000000000003
0.574000000000001,0.28500000000000003
0.5750000000000011,0.28500000000000003
0.576000000000001,0.28500000000000003
0.5770000000000008,0.28500000000000003
0.578000000000001,0.28500000000000003
0.5790000000000011,0.28500000000000003
0.580000000000001,0.28500000000000003
0.5810000000000008,0.28500000000000003
0.582000000000001,0.28500000000000003
0.5830000000000011,0.28500000000000003
0.584000000000001,0.28500000000000003
0.5850000000000009,0.28500000000000003
0.586000000000001,0.28500000000000003
0.5870000000000011,0.28500000000000003
0.588000000000001,0.28500000000000003
0.5890000000000009,0.28500000000000003
0.590000000000001,0.28500000000000003
0.5910000000000011,0.28500000000000003
0.592000000000001,0.28500000000000003
0.5930000000000009,0.28500000000000003
0.594000000000001,0.28500000000000003
0.5950000000000011,0.28500000000000003
0.596000000000001,0.28500000000000003
0.5970000000000009,0.28500000000000003
0.598000000000001,0.28500000000000003
0.5990000000000011,0.28500000000000003
0.600000000000001,0.28500000000000003
0.6010000000000009,0.28500000000000003
0.602000000000001,0.28500000000000003
0.6030000000000011,0.28500000000000003
0.604000000000001,0.28500000000000003
0.6050000000000009,0.28500000000000003
0.606000000000001,0.28500000000000003
0.6070000000000011,0.28500000000000003
0.608000000000001,0.28500000000000003
0.6090000000000009,0.28500000000000003
0.610000000000001,0.28500000000000003
0.6110000000000011,0.28500000000000003
0.612000000000001,0.28500000000000003
0.6130000000000009,0.28500000000000003
0.614000000000001,0.28500000000000003
0.6150000000000011,0.28500000000000003
0.616000000000001,0.28500000000000003
0.6170000000000009,0.28500000000000003
0.618000000000001,0.28500000000000003
0.6190000000000011,0.28500000000000003
0.620000000000001,0.28500000000000003
0.6210000000000009,0.28500000000000003
0.622000000000001,0.28500000000000003
0.6230000000000011,0.28500000000000003
0.624000000000001,0.28500000000000003
0.6250000000000009,0.28500000000000003
0.626000000000001,0.28500000000000003
0.6270000000000011,0.28500000000000003
0.628000000000001,0.28500000000000003
0.6290000000000009,0.28500000000000003
0.630000000000001,0.28500000000000003
0.6310000000000011,0.28500000000000003
0.632000000000001,0.28500000000000003
0.6330000000000009,0.28500000000000003
0.634000000000001,0.28500000000000003
0.6350000000000011,0.28500000000000003
0.636000000000001,0.28500000000000003
0.6370000000000009,0.28500000000000003
0.638000000000001,0.28500000000000003
0.6390000000000011,0.28500000000000003
0.640000000000001,0.28500000000000003
0.6410000000000009,0.28500000000000003
0.642000000000001,0.28500000000000003
0.6430000000000011,0.28500000000000003
0.644000000000001,0.28500000000000003
0.6450000000000009,0.28500000000000003
0.646000000000001,0.28500000000000003
0.6470000000000011,0.28500000000000003
0.648000000000001,0.28500000000000003
0.6490000000000009,0.28500000000000003
0.650000000000001,0.28500000000000003
0.6510000000000011,0.28500000000000003
0.652000000000001,0.28500000000000003
0.6530000000000009,0.28500000000000003
0.654000000000001,0.28500000000000003
0.6550000000000011,0.28500000000000003
0.656000000000001,0.28500000000000003
0.6570000000000009,0.28500000000000003
0.658000000000001,0.28500000000000003
0.6590000000000011,0.28500000000000003
0.660000000000001,0.28500000000000003
0.6610000000000009,0.28500000000000003
0.662000000000001,0.28500000000000003
0.6630000000000011,0.28500000000000003
0.664000000000001,0.28500000000000003
0.6650000000000009,0.28500000000000003
0.666000000000001,0.28500000000000003
0.6670000000000011,0.28500000000000003
0.668000000000001,0.28500000000000003
0.6690000000000009,0.28500000000000003
0.670000000000001,0.28500000000000003
0.6710000000000012,0.28500000000000003
0.672000000000001,0.28500000000000003
0.6730000000000009,0.28500000000000003
0.674000000000001,0.28500000000000003
0.6750000000000012,0.28500000000000003
0.676000000000001,0.28500000000000003
0.6770000000000009,0.28500000000000003
0.678000000000001,0.28500000000000003
0.6790000000000012,0.28500000000000003
0.680000000000001,0.28500000000000003
0.6810000000000009,0.28500000000000003
0.682000000000001,0.28500000000000003
0.6830000000000012,0.28500000000000003
0.684000000000001,0.28500000000000003
0.6850000000000009,0.28500000000000003
0.686000000000001,0.28500000000000003
0.6870000000000012,0.28500000000000003
0.688000000000001,0.28500000000000003
0.689000000000001,0.28500000000000003
0.6900000000000011,0.28500000000000003
0.6910000000000012,0.28500000000000003
0.6920000000000011,0.28500000000000003
0.693000000000001,0.28500000000000003
0.6940000000000011,0.28500000000000003
0.6950000000000012,0.28500000000000003
0.6960000000000011,0.28500000000000003
0.697000000000001,0.28500000000000003
0.6980000000000011,0.28500000000000003
0.6990000000000012,0.28500000000000003
0.7000000000000011,0.28500000000000003
0.701000000000001,0.28500000000000003
0.7020000000000011,0.28500000000000003
0.7030000000000012,0.28500000000000003
0.7040000000000011,0.28500000000000003
0.705000000000001,0.28500000000000003
0.7060000000000011,0.28500000000000003
0.7070000000000012,0.28500000000000003
0.7080000000000011,0.28500000000000003
0.709000000000001,0.28500000000000003
0.7100000000000011,0.28500000000000003
0.7110000000000012,0.28500000000000003
0.7120000000000011,0.28500000000000003
0.713000000000001,0.28500000000000003
0.7140000000000011,0.28500000000000003
0.7150000000000012,0.28500000000000003
0.7160000000000011,0.28500000000000003
0.717000000000001,0.28500000000000003
0.7180000000000011,0.28500000000000003
0.7190000000000012,0.28500000000000003
0.7200000000000011,0.28500000000000003
0.721000000000001,0.28500000000000003
0.7220000000000011,0.28500000000000003
0.7230000000000012,0.28500000000000003
0.7240000000000011,0.28500000000000003
0.725000000000001,0.28500000000000003
0.7260000000000011,0.28500000000000003
0.7270000000000012,0.28500000000000003
0.7280000000000011,0.28500000000000003
0.729000000000001,0.28500000000000003
0.7300000000000011,0.28500000000000003
0.7310000000000012,0.28500000000000003
0.7320000000000011,0.28500000000000003
0.733000000000001,0.28500000000000003
0.7340000000000011,0.28500000000000003
0.7350000000000012,0.28500000000000003
0.7360000000000011,0.28500000000000003
0.737000000000001,0.28500000000000003
0.7380000000000011,0.28500000000000003
0.7390000000000012,0.28500000000000003
0.7400000000000011,0.28500000000000003
0.741000000000001,0.28500000000000003
0.7420000000000011,0.28500000000000003
0.7430000000000012,0.28500000000000003
0.7440000000000011,0.28500000000000003
0.745000000000001,0.28500000000000003
0.7460000000000011,0.28500000000000003
0.7470000000000012,0.28500000000000003
0.7480000000000011,0.28500000000000003
0.749000000000001,0.28500000000000003
0.7500000000000011,0.28500000000000003
0.7510000000000012,0.28500000000000003
0.7520000000000011,0.28500000000000003
0.753000000000001,0.28500000000000003
0.7540000000000011,0.28500000000000003
0.7550000000000012,0.28500000000000003
0.7560000000000011,0.28500000000000003
0.757000000000001,0.28500000000000003
0.7580000000000011,0.28500000000000003
0.7590000000000012,0.28500000000000003
0.7600000000000011,0.28500000000000003
0.761000000000001,0.28500000000000003
0.7620000000000011,0.28500000000000003
0.7630000000000012,0.28500000000000003
0.7640000000000011,0.28500000000000003
0.765000000000001,0.28500000000000003
0.7660000000000011,0.28500000000000003
0.7670000000000012,0.28500000000000003
0.7680000000000011,0.28500000000000003
0.769000000000001,0.28500000000000003
0.7700000000000011,0.28500000000000003
0.7710000000000012,0.28500000000000003
0.7720000000000011,0.28500000000000003
0.773000000000001,0.28500000000000003
0.7740000000000011,0.28500000000000003
0.7750000000000012,0.28500000000000003
0.7760000000000011,0.28500000000000003
0.777000000000001,0.28500000000000003
0.7780000000000011,0.28500000000000003
0.7790000000000012,0.28500000000000003
0.7800000000000011,0.28500000000000003
0.781000000000001,0.28500000000000003
0.7820000000000011,0.28500000000000003
0.7830000000000013,0.28500000000000003
0.7840000000000011,0.28500000000000003
0.785000000000001,0.28500000000000003
0.7860000000000011,0.28500000000000003
0.7870000000000013,0.28500000000000003
0.7880000000000011,0.28500000000000003
0.789000000000001,0.28500000000000003
0.7900000000000011,0.28500000000000003
0.7910000000000013,0.28500000000000003
0.7920000000000011,0.28500000000000003
0.793000000000001,0.28500000000000003
0.7940000000000011,0.28500000000000003
0.7950000000000013,0.28500000000000003
0.7960000000000012,0.28500000000000003
0.797000000000001,0.28500000000000003
0.7980000000000012,0.28500000000000003
0.7990000000000013,0.28500000000000003
0.8000000000000012,0.28500000000000003
0.801000000000001,0.28500000000000003
0.8020000000000012,0.28500000000000003
0.8030000000000013,0.28500000000000003
0.8040000000000012,0.28500000000000003
0.805000000000001,0.28500000000000003
0.8060000000000012,0.28500000000000003
0.8070000000000013,0.28500000000000003
0.8080000000000012,0.28500000000000003
0.809000000000001,0.28500000000000003
0.8100000000000012,0.28500000000000003
0.8110000000000013,0.28500000000000003
0.8120000000000012,0.28500000000000003
0.813000000000001,0.28500000000000003
0.8140000000000012,0.28500000000000003
0.8150000000000013,0.28500000000000003
0.8160000000000012,0.28500000000000003
0.8170000000000011,0.28500000000000003
0.8180000000000012,0.28500000000000003
0.8190000000000013,0.28500000000000003
0.8200000000000012,0.28500000000000003
0.8210000000000011,0.28500000000000003
0.8220000000000012,0.28500000000000003
0.8230000000000013,0.28500000000000003
0.8240000000000012,0.28500000000000003
0.8250000000000011,0.28500000000000003
0.8260000000000012,0.28500000000000003
0.8270000000000013,0.28500000000000003
0.8280000000000012,0.28500000000000003
0.8290000000000011,0.28500000000000003
0.8300000000000012,0.28500000000000003
0.8310000000000013,0.28500000000000003
0.8320000000000012,0.28500000000000003
0.8330000000000011,0.28500000000000003
0.8340000000000012,0.28500000000000003
0.8350000000000013,0.28500000000000003
0.8360000000000012,0.28500000000000003
0.8370000000000011,0.28500000000000003
0.8380000000000012,0.28500000000000003
0.8390000000000013,0.28500000000000003
0.8400000000000012,0.28500000000000003
0.8410000000000011,0.28500000000000003
0.8420000000000012,0.28500000000000003
0.8430000000000013,0.28500000000000003
0.8440000000000012,0.28500000000000003
0.8450000000000011,0.28500000000000003
0.8460000000000012,0.28500000000000003
0.8470000000000013,0.28500000000000003
0.8480000000000012,0.28500000000000003
0.8490000000000011,0.28500000000000003
0.8500000000000012,0.28500000000000003
0.8510000000000013,0.28500000000000003
0.8520000000000012,0.28500000000000003
0.8530000000000011,0.28500000000000003
0.8540000000000012,0.28500000000000003
0.8550000000000013,0.28500000000000003
0.8560000000000012,0.28500000000000003
0.8570000000000011,0.28500000000000003
0.8580000000000012,0.28500000000000003
0.8590000000000013,0.28500000000000003
0.8600000000000012,0.28500000000000003
0.8610000000000011,0.28500000000000003
0.8620000000000012,0.28500000000000003
0.8630000000000013,0.28500000000000003
0.8640000000000012,0.28500000000000003
0.8650000000000011,0.28500000000000003
0.8660000000000012,0.28500000000000003
0.8670000000000013,0.28500000000000003
0.8680000000000012,0.28500000000000003
0.8690000000000011,0.28500000000000003
0.8700000000000012,0.28500000000000003
0.8710000000000013,0.28500000000000003
0.8720000000000012,0.28500000000000003
0.8730000000000011,0.28500000000000003
0.8740000000000012,0.28500000000000003
0.8750000000000013,0.28500000000000003
0.8760000000000012,0.28500000000000003
0.8770000000000011,0.28500000000000003
0.8780000000000012,0.28500000000000003
0.8790000000000013,0.28500000000000003
0.8800000000000012,0.28500000000000003
0.8810000000000011,0.28500000000000003
0.8820000000000012,0.28500000000000003
0.8830000000000013,0.28500000000000003
0.8840000000000012,0.28500000000000003
0.8850000000000011,0.28500000000000003
0.8860000000000012,0.28500000000000003
0.8870000000000013,0.28500000000000003
0.8880000000000012,0.28500000000000003
0.8890000000000011,0.28500000000000003
0.8900000000000012,0.28500000000000003
0.8910000000000013,0.28500000000000003
0.8920000000000012,0.28500000000000003
0.8930000000000011,0.28500000000000003
0.8940000000000012,0.28500000000000003
0.8950000000000014,0.28500000000000003
0.8960000000000012,0.28500000000000003
0.8970000000000011,0.28500000000000003
0.8980000000000012,0.28500000000000003
0.8990000000000014,0.28500000000000003
0.9000000000000012,0.28500000000000003
0.9010000000000011,0.28500000000000003
0.9020000000000012,0.28500000000000003
0.9030000000000014,0.28500000000000003
0.9040000000000012,0.28500000000000003
0.9050000000000011,0.28500000000000003
0.9060000000000012,0.28500000000000003
0.9070000000000014,0.28500000000000003
0.9080000000000013,0.28500000000000003
0.9090000000000011,0.28500000000000003
0.9100000000000013,0.28500000000000003
0.9110000000000014,0.28500000000000003
0.9120000000000013,0.28500000000000003
0.9130000000000011,0.28500000000000003
0.9140000000000013,0.28500000000000003
0.9150000000000014,0.28500000000000003
0.9160000000000013,0.28500000000000003
0.9170000000000011,0.28500000000000003
0.9180000000000013,0.28500000000000003
0.9190000000000014,0.28500000000000003
0.9200000000000013,0.28500000000000003
0.9210000000000012,0.28500000000000003
0.9220000000000013,0.28500000000000003
0.9230000000000014,0.28500000000000003
0.9240000000000013,0.28500000000000003
0.9250000000000012,0.28500000000000003
0.9260000000000013,0.28500000000000003
0.9270000000000014,0.28500000000000003
0.9280000000000013,0.28500000000000003
0.9290000000000012,0.28500000000000003
0.9300000000000013,0.28500000000000003
0.9310000000000014,0.28500000000000003
0.9320000000000013,0.28500000000000003
0.9330000000000012,0.28500000000000003
0.9340000000000013,0.28500000000000003
0.9350000000000014,0.28500000000000003
0.9360000000000013,0.28500000000000003
0.9370000000000012,0.28500000000000003
0.9380000000000013,0.28500000000000003
0.9390000000000014,0.28500000000000003
0.9400000000000013,0.28500000000000003
0.9410000000000012,0.28500000000000003
0.9420000000000013,0.28500000000000003
0.9430000000000014,0.28500000000000003
0.9440000000000013,0.28500000000000003
0.9450000000000012,0.28500000000000003
0.9460000000000013,0.28500000000000003
0.9470000000000014,0.28500000000000003
0.9480000000000013,0.28500000000000003
0.9490000000000012,0.28500000000000003
0.9500000000000013,0.28500000000000003
0.9510000000000014,0.28500000000000003
0.9520000000000013,0.28500000000000003
0.9530000000000012,0.28500000000000003
0.9540000000000013,0.28500000000000003
0.9550000000000014,0.28500000000000003
0.9560000000000013,0.28500000000000003
0.9570000000000012,0.28500000000000003
0.9580000000000013,0.28500000000000003
0.9590000000000014,0.28500000000000003
0.9600000000000013,0.28500000000000003
0.9610000000000012,0.28500000000000003
0.9620000000000013,0.28500000000000003
0.9630000000000014,0.28500000000000003
0.9640000000000013,0.28500000000000003
0.9650000000000012,0.28500000000000003
0.9660000000000013,0.28500000000000003
0.9670000000000014,0.28500000000000003
0.9680000000000013,0.28500000000000003
0.9690000000000012,0.28500000000000003
0.9700000000000013,0.28500000000000003
0.9710000000000014,0.28500000000000003
0.9720000000000013,0.28500000000000003
0.9730000000000012,0.28500000000000003
0.9740000000000013,0.28500000000000003
0.9750000000000014,0.28500000000000003
0.9760000000000013,0.28500000000000003
0.9770000000000012,0.28500000000000003
0.9780000000000013,0.28500000000000003
0.9790000000000014,0.28500000000000003
0.9800000000000013,0.28500000000000003
0.9810000000000012,0.28500000000000003
0.9820000000000013,0.28500000000000003
0.9830000000000014,0.28500000000000003
0.9840000000000013,0.28500000000000003
0.9850000000000012,0.28500000000000003
0.9860000000000013,0.28500000000000003
0.9870000000000014,0.28500000000000003
0.9880000000000013,0.28500000000000003
0.9890000000000012,0.28500000000000003
0.9900000000000013,0.28500000000000003
0.9910000000000014,0.28500000000000003
0.9920000000000013,0.28500000000000003
0.9930000000000012,0.28500000000000003
0.9940000000000013,0.28500000000000003
0.9950000000000014,0.28500000000000003
0.9960000000000013,0.28500000000000003
0.9970000000000012,0.28500000000000003
0.9980000000000013,0.28500000000000003
0.9990000000000014,0.28500000000000003
1.0000000000000013,0.2025
1.0010000000000012,0.2025
1.0020000000000013,0.2025
1.0030000000000014,0.2025
1.0040000000000013,0.2025
1.0050000000000012,0.2025
1.0060000000000013,0.2025
1.0070000000000014,0.2025
1.0080000000000013,0.2025
1.0090000000000012,0.2025
1.0100000000000013,0.2025
1.0110000000000015,0.2025
1.0120000000000013,0.2025
1.0130000000000012,0.2025
1.0140000000000013,0.2025
1.0150000000000015,0.2025
1.0160000000000013,0.2025
1.0170000000000012,0.2025
1.0180000000000013,0.2025
1.0190000000000015,0.2025
1.0200000000000014,0.2025
1.0210000000000012,0.2025
1.0220000000000014,0.2025
1.0230000000000015,0.2025
1.0240000000000014,0.2025
1.0250000000000012,0.2025
1.0260000000000014,0.2025
1.0270000000000015,0.2025
1.0280000000000014,0.2025
1.0290000000000012,0.2025
1.0300000000000014,0.2025
1.0310000000000015,0.2025
1.0320000000000014,0.2025
1.0330000000000013,0.2025
1.0340000000000014,0.2025
1.0350000000000015,0.2025
1.0360000000000014,0.2025
1.0370000000000013,0.2025
1.0380000000000014,0.2025
1.0390000000000015,0.2025
1.0400000000000014,0.2025
1.0410000000000013,0.2025
1.0420000000000014,0.2025
1.0430000000000015,0.2025
1.0440000000000014,0.2025
1.0450000000000013,0.2025
1.0460000000000014,0.2025
1.0470000000000015,0.2025
1.0480000000000014,0.2025
1.0490000000000013,0.2025
1.0500000000000014,0.2025
1.0510000000000015,0.2025
1.0520000000000014,0.2025
1.0530000000000013,0.2025
1.0540000000000014,0.2025
1.0550000000000015,0.2025
1.0560000000000014,0.2025
1.0570000000000013,0.2025
1.0580000000000014,0.2025
1.0590000000000015,0.2025
1.0600000000000014,0.2025
1.0610000000000013,0.2025
1.0620000000000014,0.2025
1.0630000000000015,0.2025
1.0640000000000014,0.2025
1.0650000000000013,0.2025
1.0660000000000014,0.2025
1.0670000000000015,0.2025
1.0680000000000014,0.2025
1.0690000000000013,0.2025
1.0700000000000014,0.2025
1.0710000000000015,0.2025
1.0720000000000014,0.2025
1.0730000000000013,0.2025
1.0740000000000014,0.2025
1.0750000000000015,0.2025
1.0760000000000014,0.2025
1.0770000000000013,0.2025
1.0780000000000014,0.2025
1.0790000000000015,0.2025
1.0800000000000014,0.2025
1.0810000000000013,0.2025
1.0820000000000014,0.2025
1.0830000000000015,0.2025
1.0840000000000014,0.2025
1.0850000000000013,0.2025
1.0860000000000014,0.2025
1.0870000000000015,0.2025
1.0880000000000014,0.2025
1.0890000000000013,0.2025
1.0900000000000014,0.2025
1.0910000000000015,0.2025
1.0920000000000014,0.2025
1.0930000000000013,0.2025
1.0940000000000014,0.2025
1.0950000000000015,0.2025
1.0960000000000014,0.2025
1.0970000000000013,0.2025
1.0980000000000014,0.2025
1.0990000000000015,0.2025
1.1000000000000014,0.2025
1.1010000000000013,0.2025
1.1020000000000014,0.2025
1.1030000000000015,0.2025
1.1040000000000014,0.2025
1.1050000000000013,0.2025
1.1060000000000014,0.2025
1.1070000000000015,0.2025
1.1080000000000014,0.2025
1.1090000000000013,0.2025
1.1100000000000014,0.2025
1.1110000000000015,0.2025
1.1120000000000014,0.2025
1.1130000000000013,0.2025
1.1140000000000014,0.2025
1.1150000000000015,0.2025
1.1160000000000014,0.2025
1.1170000000000013,0.2025
1.1180000000000014,0.2025
1.1190000000000015,0.2025
1.1200000000000014,0.2025
1.1210000000000013,0.2025
1.1220000000000014,0.2025
1.1230000000000016,0.2025
1.1240000000000014,0.2025
1.1250000000000013,0.2025
1.1260000000000014,0.2025
1.1270000000000016,0.2025
1.1280000000000014,0.2025
1.1290000000000013,0.2025
1.1300000000000014,0.2025
1.1310000000000016,0.2025
1.1320000000000014,0.2025
1.1330000000000013,0.2025
1.1340000000000015,0.2025
1.1350000000000016,0.2025
1.1360000000000015,0.2025
1.1370000000000013,0.2025
1.1380000000000015,0.2025
1.1390000000000016,0.2025
1.1400000000000015,0.2025
1.1410000000000013,0.2025
1.1420000000000015,0.2025
1.1430000000000016,0.2025
1.1440000000000015,0.2025
1.1450000000000014,0.2025
1.1460000000000015,0.2025
1.1470000000000016,0.2025
1.1480000000000015,0.2025
1.1490000000000014,0.2025
1.1500000000000015,0.2025
1.1510000000000016,0.2025
1.1520000000000015,0.2025
1.1530000000000014,0.2025
1.1540000000000015,0.2025
1.1550000000000016,0.2025
1.1560000000000015,0.2025
1.1570000000000014,0.2025
1.1580000000000015,0.2025
1.1590000000000016,0.2025
1.1600000000000015,0.2025
1.1610000000000014,0.2025
1.1620000000000015,0.2025
1.1630000000000016,0.2025
1.1640000000000015,0.2025
1.1650000000000014,0.2025
1.1660000000000015,0.2025
1.1670000000000016,0.2025
1.1680000000000015,0.2025
1.1690000000000014,0.2025
1.1700000000000015,0.2025
1.1710000000000016,0.2025
1.1720000000000015,0.2025
1.1730000000000014,0.2025
1.1740000000000015,0.2025
1.1750000000000016,0.2025
1.1760000000000015,0.2025
1.1770000000000014,0.2025
1.1780000000000015,0.2025
1.1790000000000016,0.2025
1.1800000000000015,0.2025
1.1810000000000014,0.2025
1.1820000000000015,0.2025
1.1830000000000016,0.2025
1.1840000000000015,0.2025
1.1850000000000014,0.2025
1.1860000000000015,0.2025
1.1870000000000016,0.2025
1.1880000000000015,0.2025
1.1890000000000014,0.2025
1.1900000000000015,0.2025
1.1910000000000016,0.2025
1.1920000000000015,0.2025
1.1930000000000014,0.2025
1.1940000000000015,0.2025
1.1950000000000016,0.2025
1.1960000000000015,0.2025
1.1970000000000014,0.2025
1.1980000000000015,0.2025
1.1990000000000016,0.2025
1.2000000000000015,0.2025
1.2010000000000014,0.2025
1.2020000000000015,0.2025
1.2030000000000016,0.2025
1.2040000000000015,0.2025
1.2050000000000014,0.2025
1.2060000000000015,0.2025
1.2070000000000016,0.2025
1.2080000000000015,0.2025
1.2090000000000014,0.2025
1.2100000000000015,0.2025
1.2110000000000016,0.2025
1.2120000000000015,0.2025
1.2130000000000014,0.2025
1.2140000000000015,0.2025
1.2150000000000016,0.2025
1.2160000000000015,0.2025
1.2170000000000014,0.2025
1.2180000000000015,0.2025
1.2190000000000016,0.2025
1.2200000000000015,0.2025
1.2210000000000014,0.2025
1.2220000000000015,0.2025
1.2230000000000016,0.2025
1.2240000000000015,0.2025
1.2250000000000014,0.2025
1.2260000000000015,0.2025
1.2270000000000016,0.2025
1.2280000000000015,0.2025
1.2290000000000014,0.2025
1.2300000000000015,0.2025
1.2310000000000016,0.2025
1.2320000000000015,0.2025
1.2330000000000014,0.2025
1.2340000000000015,0.2025
1.2350000000000017,0.2025
1.2360000000000015,0.2025
1.2370000000000014,0.2025
1.2380000000000015,0.2025
1.2390000000000017,0.2025
1.2400000000000015,0.2025
1.2410000000000014,0.2025
1.2420000000000015,0.2025
1.2430000000000017,0.2025
1.2440000000000015,0.2025
1.2450000000000014,0.2025
1.2460000000000016,0.2025
1.2470000000000017,0.2025
1.2480000000000016,0.2025
1.2490000000000014,0.2025
1.2500000000000016,0.2025
1.2510000000000017,0.2025
1.2520000000000016,0.2025
1.2530000000000014,0.2025
1.2540000000000016,0.2025
1.2550000000000017,0.2025
1.2560000000000016,0.2025
1.2570000000000014,0.2025
1.2580000000000016,0.2025
1.2590000000000017,0.2025
1.2600000000000016,0.2025
1.2610000000000015,0.2025
1.2620000000000016,0.2025
1.2630000000000017,0.2025
1.2640000000000016,0.2025
1.2650000000000015,0.2025
1.2660000000000016,0.2025
1.2670000000000017,0.2025
1.2680000000000016,0.2025
1.2690000000000015,0.2025
1.2700000000000016,0.2025
1.2710000000000017,0.2025
1.2720000000000016,0.2025
1.2730000000000015,0.2025
1.2740000000000016,0.2025
1.2750000000000017,0.2025
1.2760000000000016,0.2025
1.2770000000000015,0.2025
1.2780000000000016,0.2025
1.2790000000000017,0.2025
1.2800000000000016,0.2025
1.2810000000000015,0.2025
1.2820000000000016,0.2025
1.2830000000000017,0.2025
1.2840000000000016,0.2025
1.2850000000000015,0.2025
1.2860000000000016,0.2025
1.2870000000000017,0.2025
1.2880000000000016,0.2025
1.2890000000000015,0.2025
1.2900000000000016,0.2025
1.2910000000000017,0.2025
1.2920000000000016,0.2025
1.2930000000000015,0.2025
1.2940000000000016,0.2025
1.2950000000000017,0.2025
1.2960000000000016,0.2025
1.2970000000000015,0.2025
1.2980000000000016,0.2025
1.2990000000000017,0.2025
1.3000000000000016,0.2025
1.3010000000000015,0.2025
1.3020000000000016,0.2025
1.3030000000000017,0.2025
1.3040000000000016,0.2025
1.3050000000000015,0.2025
1.3060000000000016,0.2025
1.3070000000000017,0.2025
1.3080000000000016,0.2025
1.3090000000000015,0.2025
1.3100000000000016,0.2025
1.3110000000000017,0.2025
1.3120000000000016,0.2025
1.3130000000000015,0.2025
1.3140000000000016,0.2025
1.3150000000000017,0.2025
1.3160000000000016,0.2025
1.3170000000000015,0.2025
1.3180000000000016,0.2025
1.3190000000000017,0.2025
1.3200000000000016,0.2025
1.3210000000000015,0.2025
1.3220000000000016,0.2025
1.3230000000000017,0.2025
1.3240000000000016,0.2025
1.3250000000000015,0.2025
1.3260000000000016,0.2025
1.3270000000000017,0.2025
1.3280000000000016,0.2025
1.3290000000000015,0.2025
1.3300000000000016,0.2025
1.3310000000000017,0.2025
1.3320000000000016,0.2025
1.3330000000000015,0.2025
1.3340000000000016,0.2025
1.3350000000000017,0.2025
1.3360000000000016,0.2025
1.3370000000000015,0.2025
1.3380000000000016,0.2025
1.3390000000000017,0.2025
1.3400000000000016,0.2025
1.3410000000000015,0.2025
1.3420000000000016,0.2025
1.3430000000000017,0.2025
1.3440000000000016,0.2025
1.3450000000000015,0.2025
1.3460000000000016,0.2025
1.3470000000000018,0.2025
1.3480000000000016,0.2025
1.3490000000000015,0.2025
1.3500000000000016,0.2025
1.3510000000000018,0.2025
1.3520000000000016,0.2025
1.3530000000000015,0.2025
1.3540000000000016,0.2025
1.3550000000000018,0.2025
1.3560000000000016,0.2025
1.3570000000000015,0.2025
1.3580000000000017,0.2025
1.3590000000000018,0.2025
1.3600000000000017,0.2025
1.3610000000000015,0.2025
1.3620000000000017,0.2025
1.3630000000000018,0.2025
1.3640000000000017,0.2025
1.3650000000000015,0.2025
1.3660000000000017,0.2025
1.3670000000000018,0.2025
1.3680000000000017,0.2025
1.3690000000000015,0.2025
1.3700000000000017,0.2025
1.3710000000000018,0.2025
1.3720000000000017,0.2025
1.3730000000000016,0.2025
1.3740000000000017,0.2025
1.3750000000000018,0.2025
1.3760000000000017,0.2025
1.3770000000000016,0.2025
1.3780000000000017,0.2025
1.3790000000000018,0.2025
1.3800000000000017,0.2025
1.3810000000000016,0.2025
1.3820000000000017,0.2025
1.3830000000000018,0.2025
1.3840000000000017,0.2025
1.3850000000000016,0.2025
1.3860000000000017,0.2025
1.3870000000000018,0.2025
1.3880000000000017,0.2025
1.3890000000000016,0.2025
1.3900000000000017,0.2025
1.3910000000000018,0.2025
1.3920000000000017,0.2025
1.3930000000000016,0.2025
1.3940000000000017,0.2025
1.3950000000000018,0.2025
1.3960000000000017,0.2025
1.3970000000000016,0.2025
1.3980000000000017,0.2025
1.3990000000000018,0.2025
1.4000000000000017,0.2025
1.4010000000000016,0.2025
1.4020000000000017,0.2025
1.4030000000000018,0.2025
1.4040000000000017,0.2025
1.4050000000000016,0.2025
1.4060000000000017,0.2025
1.4070000000000018,0.2025
1.4080000000000017,0.2025
1.4090000000000016,0.2025
1.4100000000000017,0.2025
1.4110000000000018,0.2025
1.4120000000000017,0.2025
1.4130000000000016,0.2025
1.4140000000000017,0.2025
1.4150000000000018,0.2025
1.4160000000000017,0.2025
1.4170000000000016,0.2025
1.4180000000000017,0.2025
1.4190000000000018,0.2025
1.4200000000000017,0.2025
1.4210000000000016,0.2025
1.4220000000000017,0.2025
1.4230000000000018,0.2025
1.4240000000000017,0.2025
1.4250000000000016,0.2025
1.4260000000000017,0.2025
1.4270000000000018,0.2025
1.4280000000000017,0.2025
1.4290000000000016,0.2025
1.4300000000000017,0.2025
1.4310000000000018,0.2025
1.4320000000000017,0.2025
1.4330000000000016,0.2025
1.4340000000000017,0.2025
1.4350000000000018,0.2025
1.4360000000000017,0.2025
1.4370000000000016,0.2025
1.4380000000000017,0.2025
1.4390000000000018,0.2025
1.4400000000000017,0.2025
1.4410000000000016,0.2025
1.4420000000000017,0.2025
1.4430000000000018,0.2025
1.4440000000000017,0.2025
1.4450000000000016,0.2025
1.4460000000000017,0.2025
1.4470000000000018,0.2025
1.4480000000000017,0.2025
1.4490000000000016,0.2025
1.4500000000000017,0.2025
1.4510000000000018,0.2025
1.4520000000000017,0.2025
1.4530000000000016,0.2025
1.4540000000000017,0.2025
1.4550000000000018,0.2025
1.4560000000000017,0.2025
1.4570000000000016,0.2025
1.4580000000000017,0.2025
1.4590000000000019,0.2025
1.4600000000000017,0.2025
1.4610000000000016,0.2025
1.4620000000000017,0.2025
1.4630000000000019,0.2025
1.4640000000000017,0.2025
1.4650000000000016,0.2025
1.4660000000000017,0.2025
1.4670000000000019,0.2025
1.4680000000000017,0.2025
1.4690000000000016,0.2025
1.4700000000000017,0.2025
1.4710000000000019,0.2025
1.4720000000000018,0.2025
1.4730000000000016,0.2025
1.4740000000000018,0.2025
1.4750000000000019,0.2025
1.4760000000000018,0.2025
1.4770000000000016,0.2025
1.4780000000000018,0.2025
1.4790000000000019,0.2025
1.4800000000000018,0.2025
1.4810000000000016,0.2025
1.4820000000000018,0.2025
1.4830000000000019,0.2025
1.4840000000000018,0.2025
1.4850000000000017,0.2025
1.4860000000000018,0.2025
1.4870000000000019,0.2025
1.4880000000000018,0.2025
1.4890000000000017,0.2025
1.4900000000000018,0.2025
1.4910000000000019,0.2025
1.4920000000000018,0.2025
1.4930000000000017,0.2025
1.4940000000000018,0.2025
1.4950000000000019,0.2025
1.4960000000000018,0.2025
1.4970000000000017,0.2025
1.4980000000000018,0.2025
1.4990000000000019,0.2025
