num_secrets,true_label,guess_label
240,0,0
240,1,1
240,0,1
240,0,0
240,0,1
240,0,1
240,0,0
240,0,0
240,0,0
240,0,0
240,0,0
240,0,0
240,0,0
240,0,0
240,0,0
240,0,0
240,0,1
240,0,1
240,1,0
240,1,1
240,0,1
240,0,0
240,1,0
240,0,0
240,0,1
240,0,0
240,0,0
240,1,1
240,0,1
240,1,1
240,0,0
240,0,1
240,0,0
240,0,1
240,1,1
240,0,0
240,0,1
240,1,1
240,0,1
240,0,1
240,0,0
240,0,0
240,0,0
240,0,1
240,1,1
240,1,1
240,0,0
240,0,1
240,0,0
240,0,0
240,0,0
240,1,1
240,0,0
240,0,1
240,0,0
240,0,0
240,0,0
240,1,1
240,0,0
240,0,1
240,0,0
240,0,0
240,0,0
240,0,0
240,0,1
240,1,1
240,0,1
240,0,0
240,0,1
240,0,1
240,0,1
240,0,1
240,0,0
240,0,1
240,0,1
240,0,1
240,0,0
240,0,1
240,1,1
240,0,0
240,0,0
240,0,0
240,0,1
240,0,1
240,1,1
240,0,0
240,0,1
240,0,0
240,0,1
240,0,1
240,0,0
240,0,0
240,0,0
240,0,1
240,0,1
240,1,1
240,0,0
240,0,0
240,0,0
240,0,1
240,0,1
240,0,0
240,1,1
240,0,1
240,0,1
240,0,1
240,0,0
240,0,1
240,0,0
240,0,0
240,0,0
240,0,0
240,1,1
240,1,0
240,0,0
240,0,0
240,0,0
240,0,0
240,0,0
240,0,0
240,1,1
240,1,1
240,0,0
240,0,0
240,1,1
240,1,1
240,0,1
240,0,1
240,1,1
240,0,0
240,0,0
240,0,0
240,0,1
240,1,1
240,0,1
240,0,1
240,0,0
240,0,0
240,1,1
240,0,1
240,0,0
240,0,0
240,0,0
240,0,0
240,0,0
240,0,0
240,0,0
240,0,0
240,0,0
240,0,0
240,0,0
240,0,0
240,0,0
240,0,0
240,0,0
240,0,0
240,0,0
240,0,0
240,0,0
240,0,0
240,0,0
240,0,0
240,0,1
240,1,1
240,0,0
240,0,0
240,0,0
240,0,0
240,0,1
240,1,1
240,0,0
240,0,0
240,0,1
240,0,0
240,0,1
240,0,0
240,0,0
240,0,0
240,1,1
240,0,1
240,0,1
240,0,0
240,0,1
240,0,0
240,1,1
240,0,1
240,0,1
240,0,1
240,0,1
240,0,0
240,0,0
240,0,0
240,0,1
240,0,0
240,1,1
240,0,1
240,0,1
240,0,1
240,0,0
240,0,0
240,0,0
240,0,0
240,0,0
240,0,0
240,0,0
240,0,0
240,0,0
240,0,0
240,1,0
240,0,0
240,0,1
240,1,1
240,0,0
240,0,1
240,0,0
240,0,0
240,0,0
240,0,0
240,0,0
240,0,1
240,0,0
240,0,0
240,0,1
240,0,0
240,0,1
240,1,1
240,0,1
240,0,0
240,0,0
240,0,0
240,0,0
240,0,0
240,0,1
240,0,0
240,0,1
240,0,0
240,0,1
240,0,1
240,0,1
240,1,1
240,0,1
240,0,1
240,0,0
240,1,1
240,0,0
240,0,0
240,0,1
240,0,0
240,0,1
240,0,0
240,1,1
240,0,0
240,0,0
240,0,0
240,0,0
240,0,0
240,0,1
240,0,0
240,0,0
240,0,0
240,0,0
240,0,1
240,0,0
240,1,1
240,0,0
240,0,0
240,0,0
240,0,0
240,0,0
240,0,1
240,0,0
240,0,0
240,1,0
240,0,0
240,0,0
240,0,0
240,0,0
240,0,1
240,1,1
240,0,0
240,0,0
240,0,0
240,0,0
240,1,1
240,0,0
240,0,0
240,0,0
240,0,0
240,0,1
240,0,1
240,0,0
240,0,0
240,0,0
240,0,0
240,0,0
240,0,0
240,0,0
240,0,1
240,0,1
240,0,1
240,0,0
240,1,1
240,0,1
240,0,0
240,0,0
240,0,0
240,0,0
240,0,0
240,0,0
240,0,0
240,0,0
240,0,0
240,0,1
240,1,1
240,0,1
240,0,0
240,0,0
240,0,0
240,0,0
240,0,0
240,0,0
240,0,0
240,0,0
240,0,0
240,0,0
240,0,0
240,0,0
240,0,0
240,1,1
240,0,1
240,0,0
240,0,0
240,0,0
240,0,1
240,0,1
240,0,0
240,0,0
240,1,0
240,0,0
240,1,1
240,0,1
240,0,0
240,0,0
240,1,1
240,0,0
240,0,0
240,0,1
240,0,0
240,0,0
240,0,0
240,0,0
240,0,1
240,0,1
240,0,0
240,1,1
240,0,0
240,0,1
240,0,1
240,0,1
240,0,1
240,1,1
240,0,0
240,0,0
240,0,1
240,0,0
240,0,1
240,0,1
240,0,1
240,1,1
240,0,0
240,0,0
240,0,0
240,0,0
240,0,0
240,0,0
240,0,0
240,0,0
240,0,0
240,0,0
240,0,0
240,0,0
240,1,1
240,0,0
240,0,0
240,0,0
240,0,0
240,0,0
240,0,0
240,0,0
240,0,0
240,0,0
240,0,0
240,0,0
240,0,0
240,1,1
240,0,1
240,0,0
240,0,0
240,0,0
240,1,1
240,0,1
240,1,1
240,0,0
240,0,1
240,0,0
240,0,0
240,0,0
240,0,0
240,1,1
240,0,1
240,0,1
240,0,0
240,0,0
240,0,0
240,0,0
240,0,0
240,0,0
240,0,0
240,0,1
240,0,1
240,0,0
240,0,0
240,0,0
240,0,1
240,0,1
240,0,0
240,0,1
240,1,1
240,0,1
240,0,0
240,0,0
240,0,0
240,0,0
240,0,0
240,0,0
240,0,1
240,0,0
240,1,1
240,0,1
240,0,0
240,0,0
240,1,1
240,0,1
240,0,1
240,0,0
240,0,0
240,0,1
240,0,0
240,0,0
240,0,0
240,0,0
240,0,0
240,0,0
240,0,0
240,0,1
240,0,0
240,0,0
240,0,0
240,0,0
240,0,0
240,0,0
240,0,0
240,0,1
240,0,1
240,0,0
240,0,0
240,1,1
240,0,1
240,0,0
240,0,0
240,0,0
240,0,0
240,0,0
240,0,0
240,0,1
240,0,1
240,0,0
240,0,0
240,0,0
240,1,0
Total attack time: 1327.5773839950562
220,0,0
220,0,0
220,0,0
220,0,0
220,0,0
220,0,0
220,1,1
220,1,1
220,0,0
220,0,0
220,0,0
220,0,0
220,0,1
220,0,1
220,0,0
220,1,1
220,0,0
220,0,0
220,0,0
220,0,0
220,0,0
220,0,0
220,0,0
220,0,0
220,0,0
220,1,1
220,0,0
220,0,0
220,0,0
220,0,0
220,0,0
220,0,0
220,0,0
220,0,0
220,0,0
220,0,0
220,0,0
220,0,0
220,0,0
220,1,1
220,1,0
220,0,0
220,0,0
220,0,0
220,0,0
220,0,0
220,0,0
220,1,1
220,0,0
220,0,0
220,0,0
220,0,0
220,0,0
220,0,0
220,0,1
220,1,1
220,0,1
220,0,1
220,0,0
220,0,0
220,0,0
220,0,0
220,1,1
220,0,0
220,0,0
220,0,0
220,0,0
220,1,1
220,1,1
220,0,1
220,0,0
220,0,1
220,1,1
220,0,1
220,0,0
220,0,0
220,1,1
220,0,0
220,0,0
220,0,0
220,0,0
220,0,1
220,0,0
220,0,0
220,0,0
220,0,0
220,0,0
220,0,0
220,0,0
220,0,1
220,1,1
220,0,0
220,0,0
220,0,0
220,0,1
220,0,1
220,1,1
220,0,1
220,0,0
220,0,0
220,1,1
220,0,0
220,0,0
220,0,0
220,0,0
220,0,0
220,0,1
220,0,0
220,0,0
220,0,1
220,0,0
220,0,0
220,0,0
220,1,1
220,0,0
220,0,0
220,1,1
220,0,1
220,1,1
220,1,1
220,0,0
220,0,0
220,0,0
220,0,0
220,0,0
220,0,1
220,0,0
220,1,1
220,1,1
220,0,0
220,0,0
220,1,1
220,0,0
220,0,0
220,0,0
220,0,0
220,0,0
220,0,0
220,0,1
220,0,0
220,1,0
220,0,0
220,0,0
220,0,1
220,0,0
220,0,0
220,0,0
220,0,1
220,0,0
220,0,0
220,0,0
220,0,0
220,0,0
220,0,0
220,0,0
220,0,0
220,0,0
220,0,0
220,1,1
220,0,0
220,0,1
220,0,0
220,0,0
220,0,0
220,1,1
220,1,1
220,0,0
220,0,0
220,0,0
220,0,0
220,0,0
220,0,0
220,0,0
220,1,1
220,1,1
220,0,0
220,0,0
220,0,1
220,0,1
220,0,1
220,0,0
220,0,0
220,0,0
220,0,0
220,0,0
220,0,0
220,0,0
220,0,0
220,0,0
220,0,0
220,0,0
220,0,0
220,0,1
220,0,1
220,0,0
220,0,0
220,0,0
220,0,0
220,0,0
220,0,0
220,0,1
220,0,0
220,0,0
220,0,0
220,0,0
220,0,0
220,0,0
220,1,1
220,0,0
220,0,0
220,0,0
220,0,1
220,0,1
220,1,1
220,0,0
220,1,1
220,0,1
220,1,1
220,1,0
220,0,0
220,0,0
220,0,1
220,0,0
220,0,0
220,1,1
220,0,0
220,0,0
220,0,0
220,1,1
220,0,1
220,0,1
220,0,0
220,0,0
220,0,0
220,1,1
220,0,0
220,0,0
220,0,1
220,0,0
220,0,1
220,0,0
220,0,0
220,0,1
220,0,0
220,0,0
220,0,0
220,0,0
220,0,0
220,0,0
220,0,0
220,0,0
220,0,0
220,0,0
220,0,0
220,0,1
220,0,0
220,0,0
220,0,0
220,0,0
220,1,1
220,1,0
220,0,0
220,0,0
220,0,1
220,0,1
220,0,1
220,0,0
220,0,1
220,1,1
220,0,1
220,0,0
220,0,1
220,0,0
220,0,1
220,1,1
220,0,0
220,0,1
220,0,0
220,0,0
220,0,0
220,1,1
220,0,0
220,0,0
220,0,0
220,0,0
220,0,0
220,0,0
220,0,0
220,0,0
220,0,0
220,0,0
220,0,0
220,0,1
220,0,1
220,0,0
220,0,1
220,0,1
220,0,0
220,0,1
220,0,0
220,0,0
220,0,0
220,0,0
220,0,1
220,0,0
220,0,0
220,0,0
220,0,0
220,0,1
220,0,0
220,0,1
220,0,1
220,0,0
220,0,0
220,0,0
220,0,0
220,1,1
220,0,0
220,0,0
220,0,0
220,0,0
220,1,1
220,0,0
220,0,0
220,0,0
220,0,0
220,0,1
220,0,0
220,0,0
220,0,1
220,0,0
220,0,0
220,0,0
220,0,0
220,0,0
220,0,0
220,0,1
220,0,0
220,0,0
220,1,1
220,0,1
220,0,1
220,0,0
220,0,0
220,0,0
220,0,0
220,0,0
220,1,1
220,0,0
220,0,0
220,0,0
220,0,1
220,0,0
220,1,1
220,0,0
220,0,0
220,0,0
220,0,0
220,0,0
220,0,0
220,0,0
220,0,0
220,0,0
220,0,0
220,0,0
220,0,0
220,0,0
220,0,0
220,0,0
220,0,0
220,0,1
220,0,1
220,0,1
220,0,0
220,0,1
220,0,0
220,0,0
220,0,0
220,0,0
220,0,0
220,1,1
220,0,0
220,1,1
220,0,1
220,0,1
220,0,0
220,0,0
220,0,0
220,0,0
220,0,0
220,0,1
220,1,1
220,1,1
220,0,0
220,0,0
220,0,0
220,0,0
220,0,0
220,0,0
220,0,0
220,0,0
220,0,0
220,0,1
220,0,0
220,0,0
220,0,0
220,0,0
220,1,1
220,0,0
220,0,0
220,0,0
220,0,1
220,0,0
220,1,1
220,0,0
220,1,1
220,0,0
220,0,0
220,0,0
220,0,0
220,0,0
220,0,0
220,0,0
220,0,0
220,0,0
220,0,0
220,0,1
220,0,0
220,0,0
220,0,1
220,1,1
220,0,1
220,0,1
220,0,0
220,0,1
220,0,1
220,0,0
220,0,1
Total attack time: 1724.635380744934
200,0,0
200,0,0
200,0,0
200,0,0
200,0,0
200,1,0
200,0,0
200,0,0
200,0,0
200,0,0
200,0,0
200,0,0
200,0,0
200,0,0
200,0,0
200,1,1
200,0,0
200,1,1
200,0,0
200,0,0
200,0,0
200,1,0
200,0,0
200,0,0
200,0,0
200,0,0
200,0,0
200,1,1
200,0,0
200,1,1
200,0,0
200,0,0
200,0,0
200,0,0
200,1,0
200,0,0
200,0,0
200,1,1
200,0,0
200,0,0
200,0,0
200,0,0
200,1,1
200,0,0
200,0,1
200,1,0
200,0,0
200,0,0
200,1,0
200,0,0
200,0,0
200,0,0
200,0,0
200,0,0
200,0,0
200,0,0
200,0,0
200,0,0
200,0,0
200,0,0
200,0,0
200,0,0
200,0,0
200,1,0
200,0,0
200,0,0
200,0,0
200,0,0
200,0,0
200,0,0
200,1,1
200,0,0
200,0,0
200,0,0
200,0,0
200,0,0
200,0,0
200,0,0
200,0,0
200,0,0
200,0,0
200,0,0
200,0,0
200,0,0
200,0,0
200,0,0
200,0,0
200,0,0
200,0,0
200,0,0
200,0,0
200,0,0
200,0,0
200,0,0
200,0,0
200,0,0
200,0,0
200,1,1
200,0,0
200,1,0
200,0,0
200,0,0
200,1,0
200,0,0
200,0,0
200,0,0
200,1,1
200,0,0
200,0,0
200,0,0
200,0,0
200,0,0
200,0,0
200,1,0
200,0,0
200,0,0
200,0,0
200,0,0
200,0,0
200,0,0
200,0,0
200,0,0
200,0,0
200,0,0
200,0,0
200,0,0
200,0,0
200,0,0
200,1,1
200,0,0
200,0,0
200,0,0
200,0,0
200,0,0
200,0,0
200,0,0
200,0,0
200,0,0
200,0,0
200,0,0
200,0,0
200,0,0
200,0,0
200,0,0
200,0,0
200,0,0
200,0,0
200,0,0
200,0,0
200,0,0
200,1,1
200,1,1
200,0,0
200,0,0
200,0,0
200,0,0
200,0,0
200,0,0
200,0,0
200,0,0
200,0,0
200,0,0
200,0,0
200,0,0
200,1,1
200,1,1
200,0,0
200,0,0
200,0,0
200,0,0
200,0,0
200,0,0
200,0,0
200,0,0
200,0,0
200,0,0
200,0,0
200,0,0
200,1,0
200,0,0
200,1,0
200,0,0
200,0,0
200,0,0
200,0,0
200,0,0
200,0,0
200,0,0
200,0,0
200,0,0
200,0,0
200,1,1
200,1,1
200,0,1
200,0,0
200,0,0
200,0,0
200,1,0
200,0,0
200,0,0
200,0,0
200,0,0
200,0,0
200,0,0
200,0,0
200,0,0
200,0,0
200,0,0
200,0,0
200,0,0
200,0,0
200,0,0
200,0,0
200,0,0
200,0,0
200,0,0
200,1,1
200,0,0
200,1,0
200,0,0
200,0,0
200,0,0
200,0,0
200,0,0
200,0,0
200,0,0
200,1,1
200,0,0
200,0,0
200,0,0
200,0,0
200,0,0
200,0,0
200,0,0
200,0,0
200,0,0
200,0,0
200,0,0
200,0,0
200,0,1
200,0,0
200,0,0
200,0,0
200,0,0
200,0,0
200,0,0
200,0,0
200,0,0
200,0,0
200,0,0
200,0,0
200,0,0
200,0,0
200,0,0
200,0,0
200,0,0
200,0,0
200,0,0
200,0,0
200,1,0
200,0,0
200,0,0
200,0,0
200,1,1
200,0,0
200,0,0
200,0,0
200,0,0
200,0,0
200,0,0
200,0,0
200,0,0
200,0,0
200,0,0
200,0,0
200,1,0
200,0,0
200,0,0
200,1,0
200,1,1
200,0,0
200,0,1
200,1,1
200,1,0
200,0,0
200,0,1
200,0,0
200,1,0
200,0,0
200,0,0
200,0,0
200,1,1
200,0,0
200,0,0
200,0,0
200,0,0
200,0,0
200,0,0
200,0,0
200,0,0
200,0,0
200,0,0
200,0,0
200,0,0
200,0,0
200,0,0
200,1,1
200,1,1
200,0,0
200,0,0
200,0,0
200,0,0
200,0,0
200,0,0
200,0,0
200,0,0
200,0,0
200,0,0
200,1,1
200,0,0
200,0,0
200,0,0
200,0,0
200,0,0
200,0,0
200,0,0
200,0,0
200,0,0
200,0,0
200,0,0
200,0,0
200,0,0
200,1,0
200,0,0
200,0,0
200,0,0
200,0,0
200,0,0
200,0,0
200,0,0
200,0,0
200,0,0
200,0,0
200,0,0
200,0,0
200,0,0
200,1,1
200,0,0
200,0,0
200,0,0
200,0,0
200,0,0
200,0,0
200,0,0
200,0,0
200,0,0
200,0,0
200,0,0
200,0,0
200,0,0
200,0,0
200,1,0
200,0,0
200,0,0
200,1,0
200,0,0
200,0,0
200,0,0
200,0,0
200,0,0
200,0,0
200,0,0
200,0,0
200,0,0
200,0,0
200,0,0
200,0,0
200,0,0
200,0,0
200,0,0
200,0,0
200,0,0
200,0,0
200,0,0
200,0,0
200,0,0
200,1,1
200,0,0
200,0,0
200,0,0
200,0,0
200,0,0
200,0,0
200,1,0
200,0,0
200,0,0
200,0,0
200,0,0
200,0,0
Total attack time: 978.3646817207336
180,1,1
180,1,1
180,0,0
180,0,0
180,0,0
180,0,0
180,0,0
180,0,0
180,0,0
180,0,0
180,0,0
180,1,0
180,0,0
180,1,0
180,0,0
180,0,0
180,1,0
180,0,0
180,0,0
180,0,0
180,0,0
180,0,0
180,0,0
180,0,0
180,0,0
180,0,0
180,0,0
180,0,0
180,0,0
180,0,0
180,0,0
180,1,0
180,0,0
180,0,0
180,0,0
180,0,0
180,0,0
180,0,0
180,0,0
180,0,0
180,1,1
180,0,0
180,0,0
180,0,0
180,1,1
180,0,0
180,0,0
180,1,0
180,0,0
180,0,0
180,0,0
180,0,0
180,0,0
180,0,0
180,0,0
180,0,0
180,1,1
180,0,0
180,0,0
180,0,0
180,0,0
180,0,0
180,0,0
180,1,1
180,0,0
180,1,1
180,0,1
180,0,1
180,0,0
180,0,0
180,0,0
180,0,0
180,0,0
180,0,0
180,0,0
180,0,0
180,0,0
180,0,0
180,0,0
180,0,0
180,0,0
180,0,0
180,0,0
180,0,0
180,0,0
180,0,0
180,0,0
180,0,0
180,0,0
180,0,0
180,1,0
180,0,0
180,0,0
180,0,0
180,0,0
180,0,0
180,1,1
180,1,1
180,0,0
180,0,0
180,0,0
180,0,0
180,0,0
180,1,0
180,0,0
180,0,0
180,0,0
180,0,0
180,0,0
180,0,0
180,0,0
180,0,1
180,1,1
180,0,0
180,0,0
180,0,0
180,0,0
180,0,0
180,0,0
180,0,0
180,0,0
180,0,0
180,0,0
180,0,0
180,0,0
180,0,0
180,0,0
180,0,0
180,1,0
180,0,0
180,0,0
180,0,0
180,0,0
180,0,0
180,1,0
180,0,0
180,0,0
180,0,0
180,1,0
180,0,0
180,0,0
180,0,0
180,0,0
180,0,0
180,0,0
180,0,0
180,0,0
180,0,0
180,0,0
180,0,0
180,0,0
180,0,0
180,0,0
180,0,0
180,0,0
180,0,0
180,0,0
180,0,0
180,0,0
180,0,0
180,0,0
180,0,0
180,0,0
180,0,0
180,0,0
180,0,0
180,0,0
180,0,0
180,1,0
180,0,0
180,0,0
180,0,0
180,0,0
180,1,0
180,0,0
180,0,0
180,0,0
180,0,0
180,0,0
180,1,1
180,0,0
180,0,0
180,0,0
180,0,0
180,0,0
180,0,0
180,0,0
180,1,1
180,0,0
180,0,0
180,0,0
180,0,0
180,1,1
180,0,0
180,0,0
180,0,0
180,0,0
180,0,0
180,0,0
180,1,1
180,1,1
180,0,0
180,0,0
180,0,0
180,0,0
180,0,0
180,0,0
180,0,0
180,0,0
180,1,0
180,0,0
180,0,0
180,0,0
180,0,0
180,0,0
180,0,0
180,0,0
180,0,0
180,0,0
180,1,1
180,0,0
180,0,1
180,1,0
180,0,0
180,0,0
180,0,0
180,0,0
180,1,0
180,0,0
180,0,0
180,0,0
180,0,0
180,0,0
180,0,0
180,0,0
180,0,0
180,0,0
180,0,0
180,0,0
180,0,0
180,0,0
180,0,0
180,1,0
180,0,0
180,0,0
180,0,0
180,0,0
180,0,0
180,0,0
180,0,0
180,0,0
180,0,0
180,0,0
180,0,0
180,0,0
180,0,0
180,0,0
180,1,0
180,0,0
180,0,0
180,0,0
180,0,0
180,0,0
180,0,0
180,0,0
180,0,0
180,0,0
180,0,0
180,0,0
180,0,0
180,0,0
180,0,0
180,0,0
180,0,0
180,1,0
180,0,0
180,0,0
180,0,0
180,0,0
180,1,1
180,0,0
180,0,1
180,0,1
180,0,0
180,1,1
180,1,0
180,0,0
180,0,0
180,1,1
180,0,0
180,1,1
180,0,0
180,0,0
180,0,0
180,0,0
180,0,0
180,0,0
180,0,0
180,0,0
180,0,0
180,1,0
180,0,0
180,0,0
180,0,0
180,0,0
180,0,0
180,0,0
180,0,0
180,0,0
180,1,1
180,0,1
180,1,1
180,0,0
180,0,0
180,0,1
180,0,0
180,0,0
180,0,0
180,0,0
180,1,0
180,0,0
180,0,0
180,0,0
180,0,0
180,0,1
180,0,0
180,0,1
180,0,0
180,0,0
180,0,0
180,0,0
180,0,0
180,0,0
180,0,0
180,0,0
180,0,0
180,0,0
180,0,0
180,0,0
180,0,0
180,1,0
180,0,0
180,0,0
180,0,0
180,0,0
180,0,0
180,0,0
180,0,0
180,0,0
180,0,0
180,0,0
180,0,0
180,0,0
180,0,0
180,1,0
180,0,0
180,0,0
180,0,0
180,0,0
180,0,0
180,0,1
180,0,1
180,0,0
180,0,0
180,0,0
180,0,0
180,0,0
180,0,0
180,0,0
180,0,0
180,0,1
180,0,0
180,0,1
180,0,1
180,0,0
180,0,0
180,1,1
180,0,0
180,0,0
180,0,0
180,0,0
180,0,0
180,0,1
180,1,1
180,0,0
180,0,0
180,1,0
180,0,0
180,0,0
180,0,0
180,0,1
180,0,0
180,0,1
180,0,0
180,0,1
180,0,0
180,0,0
180,0,0
180,0,0
180,0,1
180,0,1
180,0,0
180,1,1
180,0,0
180,0,1
180,0,0
180,0,0
180,0,0
180,0,0
180,0,0
180,0,0
180,0,0
180,0,0
180,0,0
180,0,0
180,0,0
180,0,0
180,0,0
180,0,0
180,0,0
180,0,0
180,1,0
180,0,0
180,0,0
180,0,0
180,0,0
180,0,1
180,1,1
180,0,0
180,0,1
180,0,1
180,0,0
180,1,1
180,0,0
180,1,1
180,0,1
180,0,0
180,1,1
180,0,0
180,0,0
180,0,0
180,0,0
180,0,0
180,0,0
180,0,0
180,0,0
180,0,0
180,0,0
180,1,1
180,0,0
180,0,1
180,0,1
180,0,1
180,1,1
180,0,1
180,0,0
180,0,0
180,0,0
180,0,0
180,0,0
180,0,0
180,1,1
180,0,0
180,0,0
180,0,0
180,0,0
180,0,0
180,0,0
180,0,0
180,1,1
180,0,1
180,0,0
180,0,0
180,0,0
180,0,0
180,0,0
180,0,0
180,0,1
180,0,1
180,0,0
180,0,0
180,0,0
180,0,0
180,0,0
180,0,0
180,0,0
180,0,1
180,0,0
180,1,1
180,0,0
180,0,0
180,0,0
180,0,0
180,0,0
180,1,0
180,0,0
180,0,0
180,0,0
180,0,0
180,1,0
180,0,0
180,0,0
180,0,0
180,0,0
180,0,0
180,0,0
180,0,1
180,0,0
180,0,0
180,0,1
180,0,0
180,0,0
180,0,0
180,0,0
180,0,0
180,1,1
180,0,0
180,0,0
180,0,0
180,0,0
180,0,0
180,0,0
180,0,1
180,1,1
180,0,1
180,0,0
180,0,0
180,0,0
180,0,0
180,0,0
180,0,0
180,0,0
180,0,0
180,0,0
180,0,0
180,0,0
180,0,0
180,0,0
180,0,0
180,1,1
180,0,1
180,0,0
180,1,1
180,0,0
180,0,0
180,0,0
180,0,0
180,1,1
180,0,0
180,0,0
180,1,1
180,0,0
180,0,0
180,0,0
180,0,0
180,0,0
180,0,0
180,0,0
180,0,0
180,0,0
180,0,0
180,0,0
180,0,0
180,0,1
180,0,0
180,0,0
180,0,0
180,0,1
180,0,0
180,0,1
180,0,0
180,0,0
180,1,1
180,0,0
180,0,1
180,1,1
180,1,1
180,0,0
180,0,1
180,0,0
180,1,1
180,0,1
180,0,0
180,0,0
180,0,0
180,0,0
180,0,0
180,0,0
180,0,0
180,0,1
180,0,1
180,0,0
180,0,0
180,1,1
180,0,0
180,1,0
180,0,0
180,1,1
180,0,0
180,0,0
180,0,1
180,1,1
180,0,1
180,0,1
180,0,0
180,0,0
180,0,1
180,1,1
180,1,1
180,0,0
180,0,1
180,0,1
180,0,0
180,0,0
180,0,0
180,0,0
180,1,1
180,0,0
180,0,1
180,0,0
180,1,1
180,0,0
180,0,1
180,1,1
180,0,0
180,0,0
180,0,0
180,0,0
180,1,0
180,0,1
180,0,0
180,0,0
180,0,0
180,0,0
180,0,0
180,0,1
180,0,0
180,0,0
180,0,0
180,0,0
180,0,0
180,0,0
180,0,1
180,0,1
180,0,0
180,0,0
180,1,1
180,0,1
180,0,1
180,0,0
180,0,0
180,0,1
180,1,1
180,1,1
180,0,1
180,0,1
180,0,1
180,0,0
180,0,0
180,0,0
180,0,0
180,1,1
180,1,1
180,0,0
180,0,0
180,0,0
180,0,0
180,0,0
180,0,0
180,0,1
180,0,0
180,0,1
180,1,1
180,0,0
180,0,1
180,0,0
180,0,0
180,0,0
180,1,1
180,0,0
180,0,0
180,0,0
180,0,0
180,0,0
180,0,0
180,0,0
180,0,0
180,0,0
180,0,0
180,0,0
180,0,0
180,0,0
180,0,0
180,0,1
180,1,1
180,1,1
180,0,0
180,0,0
180,0,0
180,0,0
180,0,0
180,0,0
180,0,1
180,0,0
180,0,0
180,0,1
180,0,1
180,0,1
180,0,0
180,0,0
180,0,0
180,0,0
180,0,0
180,0,0
180,0,0
180,0,0
180,0,0
180,0,1
180,0,1
180,0,0
Total attack time: 1582.3684327602386
160,0,0
160,0,0
160,0,0
160,0,0
160,0,0
160,0,0
160,0,0
160,0,0
160,0,0
160,0,0
160,0,0
160,0,0
160,0,0
160,0,0
160,0,0
160,0,0
160,0,0
160,1,1
160,0,0
160,0,1
160,1,1
160,0,0
160,0,1
160,0,1
160,0,0
160,0,0
160,0,0
160,0,1
160,0,0
160,0,1
160,0,0
160,0,0
160,0,0
160,0,1
160,1,1
160,0,1
160,0,0
160,0,1
160,0,0
160,0,0
160,1,1
160,0,0
160,0,0
160,1,1
160,0,1
160,0,0
160,0,0
160,0,0
160,1,0
160,0,0
160,0,0
160,0,0
160,0,0
160,0,0
160,0,0
160,0,0
160,0,0
160,0,0
160,1,1
160,0,0
160,0,0
160,0,0
160,0,0
160,0,0
160,0,0
160,0,0
160,0,0
160,0,0
160,0,0
160,0,0
160,0,0
160,0,0
160,0,0
160,0,0
160,0,0
160,0,0
160,1,1
160,1,1
160,0,0
160,0,0
160,0,0
160,0,0
160,1,1
160,0,1
160,0,0
160,0,0
160,0,0
160,0,0
160,0,0
160,1,0
160,0,1
160,0,0
160,0,1
160,0,0
160,0,0
160,0,0
160,0,0
160,0,0
160,0,1
160,0,0
160,1,1
160,0,0
160,0,1
160,0,0
160,0,0
160,0,0
160,0,0
160,1,0
160,0,0
160,0,0
160,0,0
160,1,1
160,0,1
160,1,1
160,1,0
160,0,0
160,0,0
160,0,0
160,1,1
160,0,1
160,0,0
160,0,0
160,1,0
160,0,0
160,0,0
160,0,1
160,0,0
160,0,0
160,0,0
160,0,0
160,0,0
160,1,0
160,1,0
160,0,0
160,0,0
160,0,0
160,0,0
160,0,0
160,0,0
160,0,0
160,0,0
160,0,1
160,0,1
160,1,1
160,0,0
160,0,0
160,0,0
160,0,0
160,0,0
160,0,0
160,1,0
160,0,0
160,0,0
160,0,0
160,0,0
160,0,0
160,0,0
160,0,0
160,0,0
160,0,0
160,0,0
160,0,0
160,0,0
160,0,0
160,0,0
160,0,0
160,0,0
160,0,0
160,0,1
160,0,1
160,0,0
160,0,0
160,0,0
160,1,1
160,0,0
160,0,0
160,0,1
160,0,0
160,0,0
160,0,0
160,0,0
160,0,0
160,1,1
160,0,0
160,0,0
160,0,0
160,0,0
160,0,1
160,0,1
160,0,0
160,0,0
160,0,0
160,0,0
160,1,1
160,1,1
160,0,0
160,0,1
160,0,1
160,0,0
160,0,0
160,0,0
160,0,0
160,1,1
160,0,1
160,0,0
160,0,0
160,0,0
160,0,0
160,0,0
160,0,1
160,0,1
160,0,0
160,0,0
160,0,0
160,0,1
160,0,0
160,1,1
160,0,0
160,0,0
160,0,0
160,0,0
160,0,0
160,0,1
160,1,1
160,0,1
160,0,0
160,0,1
160,0,0
160,0,0
160,0,1
160,0,0
160,0,0
160,0,0
160,0,0
160,0,0
160,0,0
160,1,1
160,0,1
160,0,1
160,0,1
160,0,0
160,0,0
160,0,0
160,0,0
160,0,0
160,1,1
160,0,0
160,0,0
160,0,0
160,0,0
160,0,1
160,1,1
160,0,0
160,1,1
160,0,0
160,0,0
160,0,0
160,0,0
160,0,0
160,0,0
160,0,0
160,0,0
160,0,0
160,0,0
160,0,0
160,0,0
160,0,1
160,0,0
160,0,0
160,0,0
160,0,0
160,0,0
160,0,0
160,0,0
160,0,0
160,0,0
160,0,0
160,0,0
160,0,0
160,0,1
160,0,0
160,1,1
160,1,1
160,0,0
160,0,0
160,0,0
160,0,0
160,0,0
160,1,1
160,0,1
160,0,0
160,0,0
160,1,1
160,0,0
160,0,0
160,0,0
160,0,0
160,0,0
160,0,0
160,0,0
160,0,1
160,0,0
160,0,1
160,0,0
160,0,0
160,0,0
160,0,0
160,0,0
160,0,0
160,0,0
160,1,1
160,0,0
160,0,1
160,1,1
160,0,1
160,0,0
160,0,0
160,1,1
160,0,0
160,0,1
160,0,1
160,0,0
160,0,0
160,0,0
160,0,0
160,0,0
160,0,0
160,0,0
160,0,1
160,0,1
160,0,0
160,1,1
160,0,1
160,0,1
160,0,1
160,0,0
160,0,0
160,0,0
160,0,0
160,0,0
160,1,1
160,1,1
160,0,0
160,0,0
160,0,0
160,0,0
160,0,0
160,1,1
160,0,1
160,0,0
160,0,0
160,0,1
160,0,0
160,0,1
160,0,0
160,0,0
160,1,0
160,0,0
160,0,0
160,0,0
160,0,0
160,0,0
160,0,0
160,0,0
160,0,0
160,0,0
160,0,0
160,0,0
160,0,0
160,0,0
160,0,0
160,0,0
160,0,1
160,0,0
160,1,0
160,0,0
160,0,0
160,0,0
160,0,1
160,1,1
160,0,1
160,0,1
160,0,0
160,0,1
160,1,1
160,0,1
160,0,0
160,0,0
160,0,0
160,0,0
160,0,0
160,1,0
160,0,0
160,0,0
160,0,0
160,0,0
160,0,0
160,0,0
160,0,0
160,0,1
160,0,0
160,0,0
160,0,1
160,0,0
160,0,0
160,0,0
160,0,0
160,0,0
160,0,0
160,0,1
160,0,1
160,0,0
160,0,0
160,0,0
160,0,0
160,0,1
160,1,1
160,0,1
160,0,1
160,0,1
160,0,0
160,0,0
160,0,0
160,0,1
160,1,1
160,0,0
160,0,0
160,0,0
160,0,0
160,0,0
160,0,1
160,1,1
160,1,1
160,0,0
160,0,1
160,0,0
160,1,1
160,1,1
160,0,0
160,0,0
160,0,0
160,0,0
160,0,0
160,0,0
160,1,0
160,0,0
160,0,0
160,1,1
160,0,0
160,0,0
160,0,1
160,1,1
160,0,0
160,0,0
160,0,0
160,0,0
160,1,0
160,0,0
160,0,0
160,0,0
160,0,0
160,0,0
160,0,0
160,1,1
160,0,0
160,0,0
160,0,0
160,0,0
160,0,0
160,0,0
160,0,0
160,1,1
160,0,0
160,0,1
160,0,0
160,0,0
160,0,0
160,0,1
160,1,1
160,0,0
160,0,1
160,0,0
160,0,0
160,0,0
160,0,0
160,0,0
160,0,1
160,0,0
160,0,0
160,0,1
160,0,1
160,0,1
160,0,0
160,0,0
160,0,0
160,0,0
160,0,0
160,0,0
160,0,0
160,0,0
160,0,0
160,1,1
160,0,0
160,0,0
160,0,0
160,0,0
160,0,0
160,0,0
160,0,0
160,0,1
160,0,0
160,0,0
160,0,0
160,0,0
160,0,0
160,0,0
160,0,0
160,0,0
160,0,0
160,1,1
160,0,1
160,1,1
160,1,1
160,0,1
160,0,0
160,0,1
160,0,1
160,0,1
160,0,1
160,1,1
160,0,0
160,0,0
160,0,0
160,0,0
160,0,1
160,0,1
160,0,1
160,0,0
160,0,0
160,0,0
160,0,0
160,0,0
160,0,0
160,0,0
160,0,0
160,0,0
160,0,1
160,0,0
160,1,1
160,0,0
160,0,0
160,0,0
160,1,1
160,0,0
160,0,0
160,0,0
160,0,0
160,0,0
160,0,0
160,0,0
160,0,0
160,0,0
160,0,0
160,0,0
160,0,0
160,0,0
160,0,0
160,0,1
160,0,0
160,0,0
160,0,0
160,0,0
160,0,0
160,0,0
160,0,1
160,1,1
160,1,1
160,1,1
160,0,1
160,0,0
160,0,0
160,0,0
160,0,1
160,0,1
160,0,1
160,0,0
160,0,0
160,0,0
160,0,0
160,0,0
160,0,0
160,1,1
160,0,1
160,0,0
160,0,0
160,0,0
160,0,0
160,0,0
160,0,0
160,1,1
160,0,0
160,0,1
160,0,1
160,0,0
160,0,0
160,1,0
160,0,0
160,0,0
160,1,0
160,0,0
160,1,1
160,0,0
160,0,0
160,0,0
160,0,0
160,0,0
160,0,1
160,0,0
160,1,1
160,0,1
160,1,1
160,0,0
160,0,0
160,0,0
160,0,0
160,0,0
160,0,0
160,0,0
160,0,0
160,0,0
160,1,1
160,0,0
160,0,0
160,0,0
160,0,1
160,0,0
Total attack time: 1991.6352615356445
140,0,0
140,0,0
140,0,0
140,0,1
140,0,0
140,0,0
140,0,0
140,0,0
140,0,0
140,0,0
140,0,0
140,0,0
140,0,0
140,0,0
140,0,0
140,0,0
140,0,0
140,0,0
140,0,0
140,0,0
140,0,0
140,1,1
140,0,0
140,0,1
140,0,0
140,0,0
140,0,1
140,0,0
140,0,0
140,0,0
140,0,0
140,0,0
140,0,0
140,0,0
140,0,0
140,0,0
140,0,1
140,0,1
140,1,1
140,0,0
140,1,1
140,0,1
140,0,0
140,0,0
140,0,0
140,0,0
140,0,0
140,0,0
140,0,1
140,0,1
140,1,1
140,0,0
140,0,0
140,0,0
140,0,1
140,0,1
140,0,0
140,0,0
140,0,0
140,0,0
140,0,0
140,0,0
140,0,0
140,0,1
140,0,0
140,0,1
140,0,0
140,0,0
140,0,0
140,0,0
140,0,0
140,0,0
140,0,0
140,0,0
140,0,0
140,0,0
140,0,1
140,0,0
140,0,0
140,0,0
140,0,0
140,0,0
140,0,0
140,0,0
140,0,0
140,0,0
140,1,0
140,0,0
140,0,0
140,0,0
140,0,0
140,0,0
140,0,0
140,0,0
140,0,0
140,0,0
140,0,0
140,0,0
140,0,0
140,0,0
140,0,0
140,0,0
140,0,0
140,0,0
140,0,0
140,0,0
140,0,0
140,0,0
140,0,1
140,1,1
140,0,1
140,0,1
140,0,0
140,0,0
140,0,0
140,0,0
140,0,0
140,0,0
140,0,0
140,0,0
140,0,0
140,1,0
140,0,0
140,0,0
140,0,1
140,0,0
140,1,1
140,0,0
140,0,1
140,1,1
140,1,1
140,1,1
140,0,0
140,1,1
140,0,1
140,0,0
140,0,0
140,0,0
140,0,0
140,0,0
140,0,0
140,0,0
140,0,0
140,0,0
140,0,0
140,0,0
140,0,0
140,0,0
140,0,0
140,0,0
140,0,1
140,0,0
140,0,1
140,0,0
140,0,0
140,0,0
140,0,0
140,1,1
140,0,1
140,0,1
140,0,1
140,0,0
140,0,1
140,0,0
140,1,1
140,0,0
140,0,0
140,0,0
140,0,0
140,0,0
140,0,0
140,0,0
140,0,0
140,0,0
140,0,0
140,1,0
140,0,0
140,0,1
140,1,1
140,0,0
140,1,1
140,0,1
140,1,1
140,0,0
140,0,1
140,1,1
140,0,1
140,0,0
140,0,1
140,1,0
140,0,0
140,0,0
140,0,1
140,0,1
140,0,0
140,0,0
140,0,0
140,0,0
140,0,0
140,1,1
140,0,0
140,0,0
140,0,0
140,0,0
140,0,0
140,0,0
140,0,0
140,0,0
140,0,0
140,0,0
140,0,1
140,0,1
140,1,1
140,0,1
140,1,1
140,0,0
140,0,0
140,0,0
140,0,0
140,0,0
140,0,0
140,0,0
140,0,0
140,0,1
140,0,0
140,1,1
140,0,0
140,1,1
140,0,0
140,0,0
140,0,0
140,0,1
140,1,1
140,0,1
140,1,1
140,0,0
140,0,1
140,1,1
140,0,1
140,0,0
140,1,1
140,1,1
140,0,0
140,0,0
140,0,0
140,0,0
140,0,0
140,0,0
140,0,0
140,0,0
140,0,0
140,0,0
140,1,1
140,0,0
140,0,0
140,0,1
140,1,0
140,1,1
140,0,1
140,0,0
140,0,0
140,0,0
140,0,0
140,0,0
140,0,0
140,1,0
140,0,0
140,0,0
140,0,0
140,0,0
140,0,1
140,0,0
140,0,1
140,0,0
140,0,0
140,0,0
140,0,0
140,0,1
140,1,1
140,0,0
140,0,1
140,0,0
140,0,0
140,0,0
140,0,0
140,0,0
140,1,1
140,0,0
140,0,0
140,0,0
140,0,0
140,1,1
140,0,0
140,0,0
140,1,1
140,0,0
140,0,0
140,1,1
140,0,1
140,0,0
140,1,0
140,0,0
140,0,1
140,0,0
140,0,0
140,0,0
140,0,0
140,0,0
140,0,0
140,0,1
140,0,0
140,0,1
140,0,0
140,0,0
140,0,0
140,0,0
140,0,0
140,0,0
140,0,0
140,0,0
140,0,0
140,0,0
140,1,0
140,0,0
140,0,1
140,0,0
140,0,0
140,0,0
140,0,0
140,0,0
140,0,0
140,0,1
140,0,1
140,0,0
140,0,0
140,0,0
140,1,1
140,1,0
140,0,0
140,0,0
140,0,1
140,0,0
140,0,0
140,0,0
140,0,0
140,1,1
140,0,1
140,0,0
140,0,0
140,0,0
140,0,0
140,0,0
140,0,0
140,0,0
140,0,1
140,1,1
140,0,1
140,1,1
140,0,0
140,0,0
140,0,0
140,0,0
140,0,0
140,0,0
140,0,0
140,0,0
140,0,0
140,0,0
140,0,0
140,0,0
140,0,0
140,0,0
140,0,0
140,0,1
140,0,1
140,0,0
140,1,1
140,1,1
140,0,0
140,0,0
140,0,0
140,0,1
140,0,0
140,0,1
140,0,0
140,0,1
140,1,1
140,1,1
140,0,0
140,0,1
140,0,0
140,0,0
140,0,0
140,0,1
140,1,1
140,0,0
140,0,0
140,0,1
140,0,1
140,0,0
140,0,0
140,0,0
140,0,0
140,0,0
140,1,0
140,0,0
140,0,0
140,0,0
140,0,1
140,0,1
140,1,1
140,0,0
140,1,0
140,0,0
140,0,0
140,1,1
140,0,0
140,0,0
140,0,0
140,0,0
140,0,1
140,0,0
140,0,1
140,0,0
140,1,1
140,0,0
140,0,1
140,1,1
140,0,0
140,0,0
140,1,1
140,0,0
140,0,0
140,0,0
140,0,0
140,0,1
140,1,1
140,0,0
140,0,1
140,0,0
140,0,1
140,0,0
140,0,0
140,0,0
140,0,1
140,1,1
140,0,0
140,0,0
140,0,0
140,0,0
140,0,0
140,0,0
140,0,0
140,0,0
140,0,0
140,0,0
140,0,0
140,0,0
140,0,0
140,1,1
140,0,0
140,0,0
140,0,0
140,0,0
140,0,0
140,0,0
140,0,0
140,0,0
140,1,1
140,0,0
140,0,0
140,1,0
140,0,0
140,0,0
140,0,0
140,0,0
140,0,0
140,1,0
140,0,0
140,0,0
140,0,0
140,0,0
140,0,1
140,0,0
140,0,0
140,0,0
140,0,0
140,0,0
140,1,1
140,0,1
140,0,1
140,1,1
140,0,1
140,0,1
140,0,0
140,0,0
140,0,0
140,0,0
140,0,0
140,0,0
140,0,0
140,0,0
140,0,0
140,0,0
140,0,0
140,0,0
140,0,0
140,0,0
140,0,0
140,0,0
140,0,0
140,0,0
140,0,1
140,0,0
140,0,0
140,0,0
140,0,0
140,1,1
140,0,0
140,0,0
140,0,0
140,0,0
140,0,1
140,0,1
140,0,1
140,0,0
140,0,0
140,0,0
140,0,0
140,1,1
140,0,0
140,0,1
140,0,0
140,0,0
140,0,0
140,0,0
140,0,1
140,0,0
140,0,0
140,0,0
140,0,0
140,0,0
140,0,0
140,0,0
140,0,0
140,0,0
140,0,0
140,1,1
140,1,1
140,0,0
140,0,0
140,0,0
140,0,0
140,0,0
140,0,0
140,0,0
140,0,0
140,0,0
Total attack time: 2215.0439732074738
120,0,1
120,1,1
120,0,0
120,0,0
120,0,0
120,0,0
120,0,1
120,1,1
120,1,1
120,0,0
120,0,0
120,0,0
120,1,1
120,0,1
120,0,1
120,0,0
120,0,0
120,0,0
120,1,1
120,0,1
120,1,1
120,0,0
120,0,0
120,0,0
120,0,0
120,0,0
120,0,0
120,0,0
120,0,0
120,0,0
120,1,0
120,0,0
120,0,0
120,0,0
120,0,1
120,0,0
120,0,0
120,0,0
120,0,0
120,0,0
120,0,0
120,0,0
120,0,0
120,0,0
120,0,0
120,0,0
120,1,1
120,0,1
120,1,1
120,0,0
120,0,0
120,0,0
120,0,0
120,0,0
120,1,1
120,0,1
120,0,0
120,0,0
120,0,0
120,0,0
120,0,0
120,0,0
120,0,0
120,0,0
120,0,0
120,0,0
120,0,0
120,1,1
120,0,0
120,0,0
120,0,1
120,0,1
120,1,1
120,0,0
120,0,0
120,1,1
120,0,1
120,0,1
120,1,1
120,0,0
120,0,0
120,0,0
120,0,0
120,0,0
120,0,1
120,0,0
120,1,1
120,0,0
120,0,0
120,0,0
120,0,0
120,0,0
120,0,0
120,0,0
120,0,0
120,0,0
120,0,0
120,0,0
120,0,0
120,0,0
120,0,0
120,0,0
120,0,0
120,0,0
120,0,0
120,0,1
120,0,0
120,0,1
120,0,0
120,0,0
120,0,0
120,0,1
120,0,0
120,0,1
120,0,0
120,1,0
120,0,0
120,0,0
120,0,0
120,0,0
120,0,0
120,0,0
120,0,0
120,1,0
120,0,0
120,0,0
120,1,1
120,0,0
120,0,0
120,0,1
120,0,1
120,0,1
120,0,1
120,0,0
120,0,0
120,0,0
120,0,0
120,0,0
120,0,0
120,0,0
120,0,0
120,0,0
120,0,0
120,0,0
120,1,1
120,0,1
120,0,0
120,0,0
120,0,1
120,0,0
120,0,0
120,0,0
120,0,0
120,0,0
120,0,1
120,0,0
120,0,0
120,0,0
120,0,0
120,0,0
120,0,0
120,0,0
120,0,0
120,0,0
120,0,0
120,0,0
120,0,0
120,0,0
120,0,0
120,0,0
120,0,0
120,0,0
120,0,0
120,0,0
120,1,1
120,0,0
120,0,0
120,0,0
120,0,0
120,0,0
120,0,0
120,0,0
120,0,0
120,0,0
120,0,0
120,1,1
120,0,0
120,0,0
120,0,0
120,0,0
120,1,0
120,0,0
120,0,0
120,0,0
120,0,0
120,0,0
120,0,0
120,0,0
120,0,1
120,1,1
120,0,0
120,0,0
120,0,0
120,0,0
120,0,0
120,1,0
120,0,0
120,0,0
120,0,0
120,0,0
120,1,1
120,0,0
120,0,1
120,0,0
120,1,1
120,0,1
120,0,0
120,0,0
120,0,0
120,0,0
120,0,0
120,0,0
120,0,0
120,0,0
120,1,1
120,1,1
120,0,1
120,0,0
120,0,1
120,1,1
120,0,0
120,0,0
120,0,0
120,0,0
120,0,1
120,0,0
120,0,0
120,1,1
120,0,0
120,0,0
120,0,0
120,0,0
120,0,0
120,1,1
120,0,0
120,0,1
120,0,0
120,0,0
120,0,0
120,0,1
120,0,1
120,1,1
120,0,0
120,0,0
120,0,0
120,1,1
120,0,1
120,0,0
120,0,0
120,0,0
120,0,0
120,0,0
120,0,0
120,0,0
120,0,0
120,0,0
120,0,0
120,0,0
120,0,0
120,0,0
120,0,0
120,0,0
120,0,0
120,0,0
120,1,1
120,0,0
120,0,0
120,0,1
120,0,0
120,0,0
120,0,0
120,0,0
120,0,0
120,0,0
120,0,0
120,1,1
120,0,0
120,0,0
120,0,0
120,0,0
120,0,0
120,0,0
120,0,1
120,0,0
120,0,0
120,0,0
120,0,0
120,0,0
120,0,0
120,0,0
120,0,0
120,0,0
120,0,0
120,0,1
120,0,1
120,0,0
120,0,0
120,1,1
120,0,0
120,0,0
120,0,0
120,0,0
120,0,0
120,0,0
120,0,0
120,0,0
120,0,0
120,0,0
120,0,0
120,0,1
120,1,1
120,0,0
120,0,0
120,0,0
120,0,0
120,0,0
120,0,1
120,0,0
120,0,0
120,0,0
120,0,0
120,0,1
120,0,0
120,0,0
120,0,1
120,0,1
120,0,1
120,1,1
120,1,1
120,0,0
120,0,0
120,0,0
120,0,0
120,0,0
120,0,0
120,0,0
120,1,1
120,0,0
120,0,0
120,0,0
120,0,0
120,0,0
120,0,0
120,0,0
120,0,0
120,0,0
120,0,0
120,0,0
120,1,1
120,0,0
120,0,0
120,0,1
120,0,1
120,0,1
120,0,0
120,0,1
120,0,0
120,0,0
120,0,0
120,0,0
120,0,0
120,0,1
120,1,0
120,0,0
120,0,0
120,0,1
120,0,0
120,0,0
120,0,0
120,0,0
120,0,0
120,1,1
120,1,1
120,0,1
120,0,0
120,0,0
120,0,0
120,0,0
120,0,0
120,0,0
120,0,0
120,0,0
120,0,0
120,1,1
120,1,1
120,0,1
120,0,1
120,0,0
120,0,1
120,1,1
120,0,0
120,0,0
120,0,1
120,1,1
120,1,1
120,0,0
120,0,0
120,0,0
120,1,1
120,0,0
120,0,0
120,0,0
120,0,0
120,1,0
120,0,0
120,0,0
120,0,0
120,0,0
120,0,0
120,1,1
120,0,0
120,0,0
120,0,0
120,0,0
120,0,0
120,0,0
120,1,1
120,1,1
120,0,0
120,1,1
120,0,1
120,0,1
120,0,0
120,1,1
120,0,1
120,0,0
120,0,0
120,0,0
120,0,0
120,0,0
120,0,0
120,0,0
120,0,0
120,0,0
120,0,0
120,0,0
120,0,0
120,0,0
120,0,0
120,0,0
120,0,0
120,1,0
120,0,0
120,0,1
120,1,1
120,0,1
120,0,1
120,1,1
120,0,0
120,0,0
120,0,1
120,0,0
120,0,0
120,0,0
120,0,0
120,0,0
120,0,0
120,0,0
120,0,1
120,0,1
120,0,0
120,0,0
120,0,0
120,0,0
120,0,0
120,0,0
120,0,0
120,0,0
120,1,1
120,0,0
Total attack time: 1643.3956871032715
100,0,0
100,0,0
100,0,0
100,0,0
100,0,0
100,0,0
100,1,1
100,0,0
100,0,0
100,1,1
100,0,0
100,0,0
100,0,0
100,1,1
100,0,0
100,0,0
100,0,0
100,0,0
100,0,1
100,1,1
100,0,0
100,1,1
100,0,0
100,0,0
100,0,0
100,0,0
100,0,0
100,0,0
100,0,0
100,0,0
100,1,1
100,0,0
100,0,0
100,0,0
100,0,0
100,0,0
100,0,1
100,0,0
100,0,0
100,1,1
100,0,1
100,1,1
100,0,0
100,1,0
100,0,1
100,0,0
100,0,0
100,0,0
100,0,0
100,0,0
100,0,0
100,0,0
100,0,0
100,0,0
100,1,1
100,0,0
100,0,0
100,1,1
100,0,0
100,0,0
100,0,1
100,0,1
100,1,1
100,0,0
100,0,0
100,0,0
100,1,1
100,0,0
100,0,0
100,0,0
100,0,0
100,0,0
100,0,0
100,0,0
100,0,0
100,0,0
100,1,0
100,0,1
100,0,1
100,0,0
100,0,0
100,0,0
100,0,0
100,0,0
100,0,0
100,0,0
100,0,0
100,0,1
100,0,1
100,0,0
100,0,0
100,1,1
100,0,0
100,0,0
100,0,1
100,0,0
100,0,0
100,0,0
100,0,0
100,0,0
100,1,1
100,0,0
100,1,0
100,0,0
100,0,0
100,0,0
100,0,0
100,0,0
100,0,0
100,1,1
100,0,1
100,0,0
100,1,1
100,0,0
100,0,0
100,0,0
100,1,1
100,0,0
100,0,1
100,0,0
100,0,0
100,0,0
100,0,0
100,0,0
100,0,0
100,0,0
100,0,0
100,0,0
100,0,0
100,0,0
100,0,0
100,0,0
100,0,0
100,0,0
100,0,1
100,1,1
100,0,0
100,0,0
100,0,0
100,0,1
100,0,0
100,0,0
100,0,1
100,1,1
100,0,0
100,0,0
100,0,0
100,0,0
100,0,0
100,0,0
100,0,0
100,0,1
100,1,0
100,0,0
100,0,0
100,0,0
100,0,0
100,0,0
100,0,0
100,0,0
100,0,0
100,0,0
100,0,0
100,0,0
100,0,0
100,0,0
100,0,0
100,0,0
100,0,0
100,0,0
100,0,1
100,0,1
100,0,0
100,0,1
100,0,1
100,0,0
100,0,0
100,1,0
100,0,0
100,0,0
100,0,0
100,0,1
100,0,1
100,0,0
100,0,0
100,0,1
100,0,1
100,0,0
100,1,1
100,0,0
100,0,0
100,0,0
100,0,1
100,0,0
100,0,1
100,0,0
100,0,0
100,0,0
100,0,0
100,0,0
100,0,0
100,0,0
100,0,0
100,0,0
100,0,1
100,0,0
100,0,1
100,0,0
100,0,0
100,0,0
100,0,0
100,0,0
100,0,0
100,0,0
100,0,1
100,0,1
100,0,0
100,0,0
100,0,0
100,0,1
100,1,1
100,0,0
100,0,0
100,0,0
100,0,0
100,0,0
100,0,0
100,1,1
100,0,0
100,0,0
100,0,0
100,0,0
100,0,0
100,0,0
100,0,0
100,0,0
100,1,1
100,0,0
100,0,0
100,1,0
100,0,0
100,0,0
100,0,0
100,0,0
100,0,0
100,0,0
100,0,0
100,0,0
100,0,1
100,0,0
100,0,0
100,1,0
100,0,0
100,0,0
100,0,0
100,0,0
100,0,0
100,0,0
100,0,0
100,0,0
100,0,0
100,1,1
100,0,0
100,1,1
100,0,0
100,0,0
100,0,0
100,0,0
100,0,0
100,1,0
100,0,0
100,0,0
100,0,0
100,0,0
100,0,0
100,0,0
100,0,0
100,0,0
100,0,0
100,0,0
100,0,0
100,0,0
100,1,1
100,0,1
100,0,0
100,0,0
100,0,0
100,0,0
100,0,0
100,0,0
100,0,0
100,1,1
100,0,1
100,0,0
100,0,0
100,0,0
100,1,0
100,0,0
100,0,0
100,0,0
100,0,0
100,1,0
100,0,0
100,0,0
100,0,0
100,0,0
100,0,0
100,0,0
100,0,0
100,0,0
100,0,0
100,0,0
100,0,0
100,1,1
100,0,0
100,0,0
100,0,0
100,0,0
100,0,0
100,0,0
100,0,0
100,0,0
100,1,1
100,0,0
100,0,0
100,0,0
100,1,0
100,0,0
100,0,0
100,0,0
100,0,0
100,0,1
100,0,0
100,0,0
100,0,0
100,0,0
100,1,1
100,0,0
100,0,1
100,0,0
100,0,1
100,1,1
100,0,0
100,0,0
100,0,0
100,0,1
100,0,0
100,1,1
100,0,0
100,0,0
100,0,0
100,1,1
100,0,0
100,0,0
100,0,1
100,0,1
100,0,0
100,0,0
100,0,0
100,0,0
100,0,0
100,0,0
100,0,0
100,0,0
100,0,0
100,1,0
100,0,0
100,0,1
100,1,1
100,0,0
100,0,0
100,0,0
100,1,1
100,0,0
100,0,0
100,0,0
100,0,0
100,0,0
100,0,0
100,0,0
100,0,0
100,0,0
100,0,1
100,1,0
100,0,0
100,1,1
100,0,0
100,0,0
100,0,0
100,0,0
100,0,1
100,1,1
100,0,0
100,0,0
100,0,0
100,0,0
Total attack time: 933.5551283359528
80,0,0
80,0,0
80,0,0
80,0,0
80,0,0
80,0,0
80,0,0
80,0,0
80,0,0
80,0,0
80,0,0
80,0,0
80,0,0
80,0,0
80,0,0
80,0,1
80,1,1
80,0,0
80,0,0
80,1,1
80,0,0
80,0,0
80,0,0
80,0,0
80,0,0
80,0,0
80,0,0
80,0,0
80,1,1
80,0,1
80,0,0
80,1,1
80,0,0
80,0,0
80,0,0
80,0,0
80,0,0
80,0,0
80,0,0
80,0,0
80,0,0
80,0,0
80,0,0
80,0,0
80,0,0
80,0,0
80,0,0
80,0,1
80,0,0
80,0,0
80,0,0
80,0,0
80,0,0
80,0,0
80,0,0
80,0,0
80,0,0
80,0,0
80,0,0
80,0,0
80,0,0
80,0,0
80,0,0
80,0,0
80,1,1
80,1,1
80,0,1
80,0,0
80,0,1
80,1,1
80,0,0
80,0,0
80,1,1
80,0,0
80,0,0
80,0,0
80,0,0
80,0,0
80,0,0
80,0,0
80,1,1
80,1,1
80,0,0
80,0,0
80,1,1
80,0,0
80,1,1
80,0,0
80,0,0
80,0,0
80,0,0
80,0,0
80,0,0
80,0,0
80,0,0
80,1,1
80,0,0
80,0,0
80,0,0
80,0,0
80,0,0
80,0,0
80,0,0
80,0,0
80,0,0
80,0,0
80,0,0
80,0,0
80,0,1
80,0,1
80,0,0
80,1,1
80,0,0
80,1,1
80,0,0
80,0,0
80,0,0
80,0,0
80,1,1
80,0,0
80,0,0
80,0,0
80,1,1
80,0,0
80,0,1
80,0,1
80,0,0
80,0,0
80,0,0
80,1,1
80,1,1
80,0,1
80,0,0
80,0,0
80,0,0
80,0,0
80,0,0
80,0,0
80,0,0
80,0,0
80,0,0
80,0,0
80,0,0
80,0,0
80,0,0
80,1,1
80,0,0
80,0,0
80,0,0
80,0,0
80,0,0
80,0,0
80,0,0
80,0,0
80,0,0
80,0,0
80,0,1
80,0,0
80,0,0
80,0,0
80,1,1
80,0,0
80,0,0
80,0,0
80,0,1
80,0,0
80,0,0
80,1,0
80,0,0
80,0,0
80,0,0
80,0,1
80,0,0
80,0,1
80,0,0
80,0,1
80,0,1
80,0,0
80,0,0
80,0,0
80,0,0
80,0,1
80,1,0
80,1,1
80,1,1
80,0,0
80,0,0
80,0,0
80,0,1
80,1,1
80,0,0
80,0,0
80,0,0
80,0,0
80,0,0
80,0,0
80,0,0
80,0,0
80,0,0
80,1,1
80,0,0
80,1,1
80,1,1
80,0,1
80,0,0
80,0,0
80,0,0
80,0,0
80,0,0
80,0,1
80,0,0
80,0,0
80,0,1
80,0,0
80,0,1
80,0,1
80,0,1
80,0,1
80,0,0
80,0,0
80,0,0
80,0,0
80,0,1
80,0,0
80,0,0
80,0,1
80,0,0
80,0,0
80,0,0
80,0,0
80,0,0
80,0,0
80,0,0
80,0,0
80,0,0
80,0,1
80,1,1
80,0,0
80,0,0
80,0,0
80,0,0
80,0,0
80,0,0
80,0,1
80,0,1
80,1,1
80,0,0
80,0,0
80,0,0
80,0,0
80,0,0
80,0,0
80,0,1
80,1,1
80,0,0
80,0,0
80,0,0
80,0,0
80,0,0
80,1,1
80,0,0
80,0,0
80,0,0
80,0,0
80,0,0
80,0,0
80,0,0
80,0,0
80,0,0
80,0,0
80,0,0
80,0,0
80,0,0
80,0,1
80,0,1
80,0,0
80,0,0
80,0,0
80,0,1
80,0,0
80,1,1
80,1,1
80,0,0
80,1,1
80,0,1
80,0,0
80,0,0
80,1,1
80,0,0
80,0,1
80,1,1
80,1,1
80,0,0
80,0,1
80,0,0
80,0,0
80,0,1
80,0,0
80,0,0
80,0,0
80,0,0
80,0,0
80,0,0
80,0,0
80,0,0
80,0,0
80,0,0
80,0,0
80,0,0
80,0,0
80,0,0
80,0,0
80,1,1
80,0,0
80,0,0
80,0,0
80,0,0
80,0,0
80,0,0
80,0,0
80,0,0
80,0,0
80,0,1
80,0,0
80,0,0
80,0,0
80,0,0
80,0,0
80,1,1
80,0,0
80,0,0
80,0,0
80,0,0
80,0,0
80,0,0
80,0,0
80,0,0
80,0,0
80,0,0
80,0,0
80,0,0
80,0,0
80,0,0
80,0,1
80,0,0
80,0,0
80,0,0
80,0,0
80,0,0
80,0,0
80,0,0
80,0,0
80,0,0
80,0,0
80,0,0
80,0,0
80,0,0
80,0,0
80,0,0
80,0,0
80,0,1
80,0,1
80,1,1
80,1,1
80,0,1
80,0,0
80,0,0
80,0,0
80,0,0
80,0,0
80,0,0
80,0,0
80,1,1
80,0,1
80,0,1
80,0,0
80,0,0
80,0,0
80,0,0
80,0,0
80,0,0
80,0,0
80,1,1
80,0,0
80,1,1
80,0,1
80,0,0
80,0,0
80,1,0
80,0,0
80,0,0
80,0,0
80,0,0
80,0,0
80,0,0
80,0,0
80,0,0
80,0,0
80,0,0
80,1,1
80,0,0
80,0,1
80,0,0
80,0,0
80,0,0
80,0,1
80,1,1
80,0,1
80,0,0
80,0,0
80,0,0
80,0,0
80,1,1
80,0,0
80,0,0
80,0,0
80,0,1
80,0,1
80,0,1
80,1,1
80,0,0
80,0,0
80,0,1
80,0,0
80,0,0
80,0,0
80,0,0
80,0,0
80,0,1
80,0,0
80,0,0
80,0,0
80,0,0
80,0,0
80,0,0
80,1,1
80,1,1
80,0,0
80,0,1
80,1,1
80,1,1
80,0,1
80,0,0
80,0,0
80,0,0
80,0,0
80,1,0
80,0,0
80,0,0
80,0,0
80,0,0
80,0,0
80,0,0
80,0,0
80,1,1
80,0,0
80,0,0
80,0,0
80,0,0
80,1,1
80,0,0
80,0,0
80,0,0
80,0,0
80,0,0
80,0,0
80,0,0
80,0,0
80,0,0
80,1,0
80,0,0
80,0,0
80,0,0
80,1,1
80,0,0
80,0,0
80,0,0
Total attack time: 1658.759533882141
60,0,0
60,0,0
60,0,0
60,1,1
60,1,1
60,0,0
60,0,1
60,1,1
60,1,1
60,0,0
60,0,0
60,0,0
60,0,0
60,0,0
60,0,0
60,0,0
60,0,0
60,0,0
60,0,0
60,0,0
60,0,0
60,0,0
60,1,0
60,0,0
60,0,0
60,0,0
60,0,0
60,0,0
60,0,0
60,0,0
60,0,0
60,0,0
60,0,0
60,0,0
60,0,1
60,0,0
60,0,0
60,0,0
60,0,0
60,0,0
60,0,0
60,0,0
60,1,1
60,0,0
60,0,0
60,0,0
60,0,0
60,0,0
60,0,0
60,0,0
60,0,0
60,0,0
60,0,0
60,0,0
60,0,1
60,0,0
60,0,1
60,0,0
60,0,0
60,0,0
60,0,0
60,0,0
60,0,0
60,0,1
60,0,1
60,0,0
60,0,0
60,1,1
60,0,0
60,0,0
60,1,0
60,0,0
60,0,0
60,0,0
60,0,0
60,0,0
60,0,0
60,0,0
60,0,0
60,0,0
60,0,0
60,0,0
60,0,0
60,0,0
60,0,0
60,0,0
60,0,0
60,0,0
60,0,0
60,0,0
60,0,0
60,0,0
60,0,0
60,0,0
60,0,0
60,0,0
60,1,1
60,0,0
60,1,1
60,0,0
60,0,0
60,1,1
60,0,0
60,0,0
60,0,0
60,0,0
60,1,1
60,0,1
60,1,1
60,1,1
60,0,0
60,0,0
60,0,0
60,0,0
60,0,0
60,1,1
60,0,0
60,0,0
60,0,0
60,0,0
60,0,0
60,0,0
60,0,0
60,1,1
60,0,1
60,0,0
60,1,0
60,0,0
60,0,0
60,0,0
60,1,1
60,0,0
60,1,1
60,0,1
60,1,1
60,0,0
60,0,0
60,0,0
60,0,0
60,0,0
60,0,0
60,0,0
60,0,0
60,0,0
60,0,1
60,1,1
60,0,0
60,0,0
60,0,0
60,0,0
60,0,0
60,1,1
60,0,0
60,0,1
60,0,1
60,0,1
60,0,0
60,0,0
60,0,0
60,0,0
60,0,0
60,0,0
60,0,1
60,0,0
60,0,0
60,0,0
60,0,0
60,0,0
60,0,0
60,1,0
60,0,0
60,0,0
60,0,0
60,0,0
60,0,0
60,0,0
60,0,0
60,0,0
60,0,0
60,0,0
60,1,1
60,0,0
60,0,0
60,0,0
60,0,0
60,0,0
60,0,0
60,1,1
60,0,1
60,0,0
60,0,0
60,0,0
60,0,0
60,1,1
60,0,0
60,1,1
60,0,0
60,0,1
60,0,0
60,0,0
60,0,0
60,0,0
60,0,0
60,0,0
60,0,0
60,0,0
60,0,0
60,0,0
60,0,0
60,0,0
60,0,0
60,0,0
60,0,0
60,0,0
60,0,0
60,0,0
60,0,0
60,0,0
60,0,0
60,0,0
60,0,1
60,0,0
60,0,0
60,0,0
60,0,0
60,0,1
60,0,1
60,0,1
60,0,0
60,0,0
60,0,0
60,1,1
60,1,1
60,0,0
60,0,0
60,0,0
60,0,0
60,0,0
60,1,1
60,0,1
60,0,0
60,0,0
60,0,0
60,0,0
60,0,0
60,0,0
60,1,0
60,0,0
60,0,0
60,0,0
60,0,0
60,0,0
60,0,0
60,0,0
60,0,0
60,0,0
60,0,0
60,1,0
60,1,0
60,0,0
60,0,0
num_secrets,true_label,guess_label
60,0,0
60,0,0
60,0,0
60,0,0
60,0,0
60,0,0
60,1,1
60,0,0
60,0,0
60,0,0
60,0,0
60,0,0
60,0,0
60,1,1
60,1,1
60,0,0
60,0,0
60,0,0
60,0,0
60,0,0
60,0,0
60,1,0
60,0,0
60,0,0
60,0,0
60,0,0
60,0,0
60,1,1
60,0,1
60,0,0
60,0,0
60,0,0
60,0,0
60,0,0
60,0,0
60,0,0
60,0,0
60,0,0
60,0,0
60,0,0
60,0,0
60,0,0
60,0,0
60,0,0
60,0,0
60,0,0
60,0,0
60,0,0
60,1,1
60,0,0
60,0,0
60,1,1
60,1,1
60,0,0
60,0,0
60,0,0
60,0,0
60,0,0
60,0,0
60,0,0
60,0,0
60,0,0
60,0,0
60,0,1
60,0,0
60,0,1
60,0,0
60,0,0
60,0,0
60,0,0
60,0,0
60,0,1
60,0,0
60,0,0
60,0,0
60,0,0
60,1,1
60,0,0
60,0,0
60,1,1
60,0,0
60,0,0
60,0,0
60,0,0
60,0,0
60,0,0
60,0,0
60,0,0
60,0,0
60,0,0
60,0,0
60,0,0
60,0,0
60,0,0
60,1,0
60,0,0
60,0,0
60,0,0
60,0,0
60,0,0
60,1,1
60,1,1
60,0,0
60,0,0
60,0,0
60,1,1
60,0,0
60,1,1
60,0,1
60,0,1
60,0,0
60,0,0
60,0,0
60,0,0
60,0,0
60,0,0
60,0,0
60,0,0
60,0,0
60,0,0
60,0,0
60,0,0
60,0,0
60,0,0
60,0,1
60,0,0
60,0,0
60,0,0
60,0,0
60,0,0
60,0,0
60,0,0
60,0,0
60,0,0
60,1,1
60,0,0
60,0,0
60,0,0
60,0,0
60,0,0
60,0,0
60,0,0
60,1,1
60,1,1
60,0,0
60,0,0
60,0,0
60,0,0
60,0,1
60,0,0
60,0,0
60,0,0
60,0,0
60,0,0
60,1,0
60,0,0
60,1,1
60,1,1
60,0,1
60,1,1
60,0,0
60,0,0
60,0,0
60,0,0
60,0,0
60,0,0
60,0,0
60,0,0
60,0,0
60,0,0
60,0,0
60,0,0
60,0,0
60,1,1
60,0,0
60,0,0
60,0,0
60,0,0
60,0,0
60,0,1
60,0,0
60,0,0
60,0,0
60,1,1
60,0,0
60,0,1
60,0,0
60,0,0
60,0,1
60,0,0
60,0,0
60,0,0
60,0,1
60,0,1
60,0,0
60,0,0
60,0,0
60,0,0
60,0,0
60,0,0
60,0,0
60,0,0
60,0,0
60,1,0
60,0,0
60,1,0
60,0,0
60,0,1
60,0,0
60,0,1
60,0,1
60,0,1
60,0,0
60,0,1
60,0,0
60,0,0
60,0,0
60,0,0
60,0,0
60,0,0
60,0,0
60,0,0
60,0,0
60,0,1
60,1,1
60,0,0
60,0,0
60,0,0
60,0,0
60,0,0
60,0,0
60,0,0
60,1,0
60,0,0
60,0,0
60,0,1
60,0,1
60,1,1
60,1,1
60,0,1
60,0,0
60,0,0
60,1,1
60,1,1
60,0,0
60,0,0
60,0,0
60,0,0
60,0,0
60,0,0
60,1,0
60,0,0
60,0,0
60,0,0
60,0,0
60,0,0
60,0,0
60,0,0
60,0,0
60,0,0
60,0,0
60,0,0
60,0,0
60,0,0
60,0,0
60,0,0
60,0,0
60,0,0
60,0,0
60,0,0
60,0,0
60,0,0
60,0,0
60,0,0
60,0,0
60,0,0
60,1,0
60,0,0
60,0,0
60,0,0
60,1,0
60,0,0
60,0,0
60,0,0
60,0,0
60,0,0
60,0,0
60,0,0
60,0,0
60,0,0
60,0,0
60,0,0
60,1,1
60,1,1
60,0,0
60,0,0
60,0,0
60,0,0
60,1,1
60,0,0
60,0,0
60,0,0
60,0,0
60,0,0
60,0,0
60,0,0
60,0,0
60,0,0
60,0,0
60,0,0
60,0,0
60,0,0
60,0,0
60,0,0
60,0,0
60,0,0
60,0,0
60,0,0
60,0,0
60,0,0
60,0,0
60,0,0
60,0,0
60,0,0
60,0,0
60,0,0
60,0,0
60,1,0
60,0,0
60,0,0
60,0,0
60,0,0
60,0,0
60,1,1
60,0,0
60,1,1
60,0,0
60,0,0
60,0,0
60,0,0
60,0,0
60,0,0
60,0,0
60,0,0
60,0,0
60,0,0
60,0,0
60,0,0
60,0,0
60,0,0
60,0,0
60,1,1
60,1,1
60,0,0
60,1,1
60,0,0
60,0,0
60,0,0
60,0,0
60,1,0
60,1,1
60,0,0
60,1,1
60,0,0
60,0,0
60,0,0
60,0,0
60,0,0
60,0,0
60,0,0
60,0,1
60,0,0
60,0,0
60,0,0
60,0,0
60,0,0
60,0,1
60,0,0
60,0,0
60,0,1
60,1,1
60,1,1
60,1,1
60,0,0
60,0,0
60,0,0
60,0,0
60,0,0
60,0,0
60,0,0
60,0,0
60,0,0
60,0,0
60,0,0
60,0,0
60,0,0
60,0,0
60,1,0
60,0,0
60,0,0
60,0,0
60,0,0
60,1,1
60,1,1
60,0,0
60,0,0
60,0,0
60,1,1
60,0,0
60,0,0
60,0,0
60,0,0
60,0,0
60,0,1
60,0,0
60,0,0
60,0,0
60,0,0
60,0,0
60,0,0
60,0,0
60,0,0
60,0,1
60,0,0
60,0,0
60,0,0
60,0,0
60,0,0
60,0,0
60,0,1
60,0,1
60,0,1
60,1,1
60,1,1
60,0,0
60,0,0
60,0,0
60,0,0
60,0,0
60,0,0
60,0,0
60,0,0
60,0,0
60,0,0
60,0,0
60,0,0
60,0,0
60,0,0
60,0,0
60,0,0
60,0,0
60,1,1
60,0,0
60,0,0
60,0,0
60,0,0
60,0,0
60,0,0
60,0,0
60,0,0
60,0,0
60,0,0
60,0,0
60,0,0
60,0,0
60,0,0
60,0,0
60,0,0
60,0,1
60,1,1
60,0,0
60,1,1
60,1,1
60,0,0
60,0,0
60,0,0
60,0,0
60,0,0
60,0,0
60,0,0
Total attack time: 1040.7535471916199
40,0,0
40,0,0
40,1,0
40,0,0
40,0,0
40,0,0
40,0,0
40,0,0
40,0,0
40,0,0
40,0,0
40,0,0
40,1,1
40,0,0
40,0,0
40,1,1
40,0,0
40,0,1
40,0,1
40,0,0
40,1,1
40,0,0
40,0,0
40,0,0
40,0,0
40,0,0
40,0,0
40,0,0
40,0,0
40,0,0
40,0,0
40,0,0
40,0,0
40,0,0
40,0,1
40,1,1
40,0,0
40,0,0
40,0,0
40,1,1
40,0,0
40,0,0
40,0,0
40,0,0
40,0,0
40,0,0
40,0,0
40,0,0
40,0,0
40,0,0
40,0,0
40,0,0
40,0,0
40,1,1
40,0,0
40,0,0
40,0,0
40,1,0
40,0,0
40,0,0
40,0,1
40,1,1
40,0,0
40,0,1
40,0,1
40,0,0
40,0,0
40,0,0
40,0,1
40,0,0
40,0,0
40,1,0
40,0,0
40,0,0
40,0,0
40,0,0
40,0,1
40,0,0
40,1,0
40,0,0
40,0,0
40,0,0
40,1,1
40,0,0
40,0,0
40,0,0
40,0,0
40,0,0
40,0,0
40,0,0
40,0,0
40,0,0
40,0,0
40,0,0
40,0,0
40,0,0
40,0,0
40,0,0
40,0,0
40,0,0
40,0,0
40,0,0
40,0,0
40,0,0
40,0,0
40,0,0
40,1,0
40,0,0
40,0,0
40,0,0
40,0,0
40,0,0
40,0,0
40,0,0
40,0,1
40,0,0
40,0,0
40,1,1
40,0,0
40,0,0
40,0,0
40,0,0
40,0,0
40,0,0
40,0,0
40,0,0
40,0,0
40,0,0
40,0,0
40,0,0
40,0,0
40,1,1
40,0,0
40,0,0
40,0,0
40,1,0
40,0,0
40,0,0
40,0,0
40,1,1
40,1,1
40,0,0
40,0,0
40,0,0
40,0,0
40,1,0
40,0,0
40,0,0
40,1,0
40,0,0
40,0,0
40,0,0
40,0,0
40,0,1
40,0,0
40,0,0
40,0,0
40,0,0
40,0,0
40,0,1
40,0,0
40,0,1
40,0,0
40,0,0
40,0,0
40,1,1
40,0,1
40,0,0
40,0,1
40,1,1
40,0,1
40,0,0
40,0,0
40,0,0
40,0,0
40,0,0
40,0,0
40,0,0
40,0,0
40,0,0
40,1,1
40,1,1
40,0,0
40,1,0
40,0,0
40,0,0
40,0,0
40,0,0
40,0,0
40,0,0
40,0,0
40,0,0
40,0,0
40,1,1
40,0,1
40,0,0
40,0,0
40,0,0
40,0,0
40,0,0
40,1,0
40,0,0
40,0,0
40,0,0
40,0,0
40,0,0
40,0,0
40,0,0
40,0,0
40,0,0
40,0,0
40,0,0
40,0,0
40,1,1
40,0,0
40,0,0
40,0,0
40,0,0
40,0,0
40,0,0
40,0,0
40,0,0
40,1,1
40,0,0
40,0,0
40,0,0
40,0,0
40,1,0
40,0,0
40,0,1
40,0,0
40,0,0
40,0,1
40,0,0
40,0,0
40,0,0
40,0,0
40,0,0
40,0,0
40,0,0
40,0,0
40,0,0
40,0,0
40,0,0
40,0,0
40,0,0
40,0,0
40,0,0
40,1,0
40,1,1
40,0,0
40,0,0
40,0,0
40,0,0
40,0,0
40,0,0
40,0,0
40,0,0
40,0,0
40,0,0
40,0,0
40,0,1
40,0,0
40,0,0
40,1,0
40,0,0
40,0,0
40,0,0
40,0,0
40,1,0
40,0,0
40,0,0
40,0,0
40,0,0
40,1,1
40,0,0
40,1,1
40,0,0
40,0,1
40,0,0
40,0,0
40,0,0
40,0,0
40,0,0
40,0,0
40,0,0
40,0,0
40,0,1
40,1,1
40,0,0
40,0,0
40,0,0
40,0,0
40,0,0
40,0,0
40,0,0
40,0,0
40,0,0
40,0,0
40,1,0
40,0,0
40,0,0
40,0,0
40,0,0
40,0,1
40,1,1
40,1,0
40,0,0
40,0,0
40,0,0
40,0,0
40,0,0
40,0,1
40,0,1
40,0,0
40,1,1
40,0,1
40,0,0
40,1,1
40,0,1
40,0,1
40,0,0
40,0,0
40,0,0
40,0,0
40,0,0
40,0,0
40,0,0
40,0,0
40,0,0
40,0,0
40,0,0
40,0,0
40,0,0
40,0,0
40,0,0
40,0,0
40,0,0
40,0,0
40,0,0
40,0,0
40,0,0
40,0,0
40,1,1
40,1,1
40,0,0
40,0,0
40,0,1
40,0,0
40,0,0
40,0,0
40,0,0
40,0,0
40,0,0
40,1,1
40,0,1
40,0,1
40,0,0
40,0,0
40,0,0
40,0,0
40,0,0
40,0,0
40,0,0
40,0,0
40,0,0
40,0,0
40,0,0
40,0,0
40,0,1
40,1,1
40,1,1
40,1,1
40,0,0
40,0,1
40,0,0
40,0,0
40,0,0
40,0,0
40,0,0
40,0,0
40,1,1
40,1,1
40,0,0
40,0,0
40,0,0
40,0,0
40,0,0
40,0,0
40,0,0
Total attack time: 929.9169998168945
20,0,0
20,0,0
20,0,0
20,0,0
20,1,0
20,0,0
20,1,1
20,0,0
20,1,1
20,0,0
20,0,0
20,0,0
20,0,0
20,0,0
20,0,0
20,0,0
20,0,0
20,0,0
20,0,0
20,0,0
20,1,0
20,0,0
20,0,0
20,0,0
20,0,0
20,0,0
20,0,0
20,0,0
20,0,0
20,0,0
20,0,0
20,0,0
20,0,0
20,0,0
20,0,0
20,1,1
20,0,0
20,0,0
20,0,0
20,0,0
20,0,0
20,0,0
20,0,0
20,0,0
20,1,1
20,0,0
20,1,1
20,0,0
20,0,0
20,0,0
20,0,0
20,1,0
20,0,0
20,0,0
20,0,0
20,0,0
20,0,0
20,0,1
20,0,0
20,0,0
20,0,0
20,0,0
20,1,1
20,0,0
20,0,0
20,0,0
20,0,0
20,0,0
20,0,0
20,0,0
20,1,0
20,0,0
20,0,0
20,0,0
20,0,0
20,0,0
20,0,0
20,0,0
20,0,0
20,0,0
20,0,0
20,0,0
20,0,0
20,0,0
20,0,0
20,0,0
20,0,0
20,0,0
20,0,0
20,0,0
20,0,0
20,0,0
20,0,0
20,0,0
20,1,0
20,0,0
20,0,0
20,0,0
20,0,0
20,1,1
20,0,0
20,0,0
20,1,0
20,0,0
20,0,0
20,0,0
20,0,0
20,1,0
20,0,0
20,0,0
20,0,0
20,0,0
20,0,0
20,0,0
20,0,0
20,0,0
20,1,1
20,0,0
20,0,0
20,0,0
20,1,1
20,0,1
20,0,1
20,0,0
20,0,0
20,0,0
20,0,0
20,0,0
20,0,0
20,0,0
20,1,0
20,0,0
20,0,0
20,0,0
20,0,0
20,0,0
20,0,0
20,1,0
20,0,0
20,0,0
20,0,0
20,0,0
20,0,0
20,0,0
20,0,0
20,0,0
20,1,0
20,0,0
20,0,0
20,0,0
20,0,0
20,0,0
20,0,0
20,0,0
20,0,0
20,0,0
20,0,0
20,0,1
20,0,0
20,0,0
20,0,0
20,0,0
20,0,0
20,0,0
20,0,0
20,1,1
20,0,0
20,0,0
20,1,1
20,0,0
20,1,1
20,0,0
20,0,0
20,0,0
20,0,0
20,0,0
20,0,0
20,0,0
20,0,0
20,0,1
20,0,0
20,0,0
20,0,0
20,1,1
20,0,0
20,0,0
20,0,0
20,0,0
20,0,0
20,0,0
20,0,0
20,1,1
20,0,0
20,0,0
20,0,0
20,1,1
20,0,0
20,0,0
20,0,0
20,0,0
20,1,1
20,0,0
20,0,0
20,0,0
20,0,0
20,0,0
20,0,0
20,0,0
20,1,1
20,0,1
20,0,0
20,0,0
20,0,0
20,0,0
20,0,0
20,0,0
20,0,0
20,0,0
20,0,0
20,0,0
20,0,0
20,1,0
20,0,0
20,0,0
20,0,0
20,0,0
20,0,0
20,0,0
20,0,0
20,0,0
20,1,0
20,0,0
20,0,0
20,0,0
20,0,0
20,1,1
20,1,1
20,0,0
20,0,0
20,0,0
20,1,1
20,0,0
20,0,0
20,0,0
20,0,0
20,0,0
20,0,0
20,0,0
20,0,0
20,0,0
20,0,0
20,0,0
20,0,0
20,0,0
20,0,0
20,0,0
20,0,0
20,0,0
20,0,0
20,0,0
20,0,0
20,1,1
20,0,0
20,0,0
20,0,0
20,0,0
20,0,0
20,0,0
20,0,0
20,0,0
20,0,1
20,1,1
20,0,0
20,0,0
20,0,0
20,0,0
20,0,0
20,0,0
20,0,0
20,0,0
20,1,1
20,1,1
20,0,0
20,0,0
20,0,0
20,0,0
20,0,0
20,0,0
20,0,0
20,0,0
20,0,0
20,0,0
20,0,0
20,0,0
20,0,0
20,0,0
20,0,0
20,0,0
20,0,0
20,0,0
20,0,0
20,1,1
20,0,0
20,0,0
20,0,0
20,0,0
20,0,0
20,0,1
20,1,1
20,0,1
20,0,0
20,1,1
20,0,0
20,0,0
20,0,0
20,0,0
20,0,0
20,1,1
20,1,1
20,0,0
20,0,0
20,0,1
20,0,0
20,1,1
20,0,0
20,0,0
20,0,0
20,0,0
20,0,0
20,0,0
20,0,0
20,0,0
20,0,0
20,0,0
20,0,0
20,0,0
20,0,0
20,1,1
20,0,0
20,0,0
20,1,0
20,0,0
20,0,0
20,0,0
20,0,0
20,0,0
20,0,0
20,0,0
20,0,0
20,0,0
20,0,0
20,0,0
20,0,0
20,0,0
20,1,1
20,1,1
20,0,0
20,0,0
20,0,0
20,0,0
20,0,0
20,0,0
20,0,0
20,0,0
20,0,0
20,0,0
20,0,0
20,0,0
20,0,0
20,0,0
20,0,0
20,0,0
20,0,0
20,0,0
20,0,0
20,0,0
20,0,0
20,0,0
20,0,0
20,1,1
20,1,1
20,0,0
20,0,0
20,0,0
20,0,0
20,0,0
20,0,0
20,0,0
20,0,0
20,0,0
Total attack time: 1395.5755414962769
